PctPoorPersons_1980,PctPoorPersons_1990,PctPoorPersons_2000,PctPoorPersons_2011_15,PctPoorChildren_1990,PctPoorChildren_2000,PctPoorChildren_2011_15,PctPoorElderly_1990,PctPoorElderly_2000,PctPoorElderly_2011_15,PctUnemployed_1980,PctUnemployed_1990,PctUnemployed_2000,PctUnemployed_2011_15,Pct16andOverEmployed_1980,Pct16andOverEmployed_1990,Pct16andOverEmployed_2000,Pct16andOverEmployed_2011_15,Pct25andOverWoutHS_1980,Pct25andOverWoutHS_1990,Pct25andOverWoutHS_2000,Pct25andOverWoutHS_2011_15,PctHshldPhone_2000,PctHshldPhone_2011_15,PctHshldCar_2000,PctHshldCar_2011_15,AvgFamilyIncAdj_1980,AvgFamilyIncAdj_1990,AvgFamilyIncAdj_2000,AvgFamilyIncAdj_2011_15,PctChgAvgFamilyIncAdj_1980_1990,PctChgAvgFamilyIncAdj_1990_2000,PctChgAvgFamilyIncA_2000_2011_15,fs_client_2000,fs_client_2001,fs_client_2002,fs_client_2003,fs_client_2004,fs_client_2005,fs_client_2006,fs_client_2007,fs_client_2008,fs_client_2009,fs_client_2010,fs_client_2011,fs_client_2012,fs_client_2013,fs_client_2014,fs_client_2015,fs_client_2016,tanf_client_2000,tanf_client_2001,tanf_client_2002,tanf_client_2003,tanf_client_2004,tanf_client_2005,tanf_client_2006,tanf_client_2007,tanf_client_2008,tanf_client_2009,tanf_client_2010,tanf_client_2011,tanf_client_2012,tanf_client_2013,tanf_client_2014,tanf_client_2015,tanf_client_2016,Rate_crimes_pt1_violent_2000,Rate_crimes_pt1_violent_2001,Rate_crimes_pt1_violent_2002,Rate_crimes_pt1_violent_2003,Rate_crimes_pt1_violent_2004,Rate_crimes_pt1_violent_2005,Rate_crimes_pt1_violent_2006,Rate_crimes_pt1_violent_2007,Rate_crimes_pt1_violent_2008,Rate_crimes_pt1_violent_2009,Rate_crimes_pt1_violent_2010,Rate_crimes_pt1_violent_2011,Rate_crimes_pt1_violent_2012,Rate_crimes_pt1_violent_2013,Rate_crimes_pt1_violent_2014,Rate_crimes_pt1_violent_2015,Rate_crimes_pt1_violent_2016,Rate_crimes_pt1_property_2000,Rate_crimes_pt1_property_2001,Rate_crimes_pt1_property_2002,Rate_crimes_pt1_property_2003,Rate_crimes_pt1_property_2004,Rate_crimes_pt1_property_2005,Rate_crimes_pt1_property_2006,Rate_crimes_pt1_property_2007,Rate_crimes_pt1_property_2008,Rate_crimes_pt1_property_2009,Rate_crimes_pt1_property_2010,Rate_crimes_pt1_property_2011,Rate_crimes_pt1_property_2012,Rate_crimes_pt1_property_2013,Rate_crimes_pt1_property_2014,Rate_crimes_pt1_property_2015,Rate_crimes_pt1_property_2016,CENSUS_TRACT
s,s,5.2,3.6,s,2.6,0,9.6,2.2,2.6,s,s,1.9,4.2,s,s,72,74.0,s,s,1.9,0.0,100,98.0,79,73.0,s,s,363441,370028,s,s,1.8,5,8,6,5,6,6,6,10,9,13,16,27.0,25.0,24.0,24.0,18.0,0.0,0,s,s,s,s,0,0,s,s,s,s,s,s,s,s,s,0,12,11.0,11.0,11.0,8.6,8.2,10.0,8.7,6.0,6.8,8.6,6.5,4.5,4.5,3.7,3.7,4.9,89,86.0,71.0,83.0,78.0,87.0,64.0,69.0,73.0,79.0,65.0,77.0,71.0,79.0,79.0,76.0,70.0,100.0
s,s,71,78.0,s,i,i,23.0,100,0,s,s,3.9,7.3,s,s,52,34.0,s,s,14,0.0,100,100.0,67,100.0,s,s,i,i,s,s,i,s,s,s,s,s,s,s,7,s,s,s,11.0,10.0,8.0,8.0,8.0,0.0,s,0,s,s,s,s,0,s,0,0,s,s,s,s,s,s,0,1.3,1.1,0.9,0.7,1.7,1.2,2.4,1.0,0.0,0.3,0.8,0.8,0.3,0.3,0.5,0.5,0.3,22,20.0,15.0,10.0,18.0,17.0,13.0,11.0,8.4,8.3,12.0,17.0,12.0,9.4,8.7,7.9,1.3,200.99999999999997
s,s,24,23.0,s,6.5,2.2,13.0,2.3,4.2,s,s,0.5,4.4,s,s,68,53.0,s,s,1.4,1.7,100,97.0,81,79.0,s,s,291328,269670,s,s,-7.4,s,s,s,s,s,5,s,7,s,s,s,8.0,7.0,6.0,6.0,9.0,0.0,s,0,s,s,s,s,0,s,0,0,s,s,s,s,s,s,0,13,12.0,12.0,9.7,11.0,8.0,8.1,13.0,7.6,5.9,8.5,5.9,4.6,4.6,5.7,4.2,4.2,101,100.0,84.0,71.0,75.0,71.0,74.0,79.0,80.0,70.0,62.0,67.0,83.0,81.0,97.0,101.0,94.0,202.0
s,s,16,15.0,s,12,0,5.0,0,8.5,s,s,2.1,3.2,s,s,73,76.0,s,s,1.9,3.7,100,96.0,88,83.0,s,s,166990,208149,s,s,25,18,19,22,18,15,21,19,20,23,38,43,42.0,57.0,44.0,58.0,54.0,0.0,7,7,6,s,s,8,s,s,6,10,8,6,s,s,s,s,0,1.7,2.2,1.5,2.0,1.7,2.0,1.5,1.8,1.8,1.9,1.8,1.9,1.3,1.0,1.1,1.0,1.4,19,25.0,15.0,18.0,14.0,15.0,16.0,23.0,26.0,21.0,24.0,15.0,17.0,18.0,24.0,23.0,20.0,300.0
s,s,3,9.9,s,0,6,7.8,0,2.4,s,s,0.4,2.2,s,s,64,61.0,s,s,0.9,2.4,100,100.0,94,88.0,s,s,463490,446630,s,s,-3.6,10,6,8,6,6,9,12,11,6,7,s,10.0,7.0,11.0,7.0,8.0,0.0,0,0,0,0,0,0,s,s,0,0,0,s,s,s,s,s,0,4,6.0,2.7,3.4,3.4,4.1,0.7,7.5,4.8,2.7,5.5,4.8,1.4,0.0,0.7,4.1,1.4,64,56.0,32.0,37.0,36.0,44.0,48.0,54.0,49.0,65.0,59.0,68.0,38.0,25.0,43.0,40.0,36.0,400.0
s,s,6,6.4,s,0,17,14.0,3.4,0,s,s,3.6,2.3,s,s,78,82.0,s,s,5.5,1.7,100,100.0,69,62.0,s,s,167285,226260,s,s,35,s,s,6,8,11,7,6,14,9,6,s,9.0,5.0,7.0,6.0,10.0,0.0,0,0,0,s,0,0,s,s,s,0,0,0,0,0,0,0,0,2.9,8.1,4.1,3.0,3.0,4.2,2.6,3.4,2.5,3.3,2.4,3.9,3.3,2.7,1.8,1.2,1.5,45,39.0,40.0,39.0,28.0,27.0,17.0,19.0,23.0,21.0,15.0,28.0,24.0,19.0,19.0,17.0,29.0,501.0
s,s,4.3,2.1,s,0,0,1.6,6.3,2.3,s,s,1.3,2.0,s,s,80,79.0,s,s,4.7,2.8,100,99.0,78,74.0,s,s,217361,277048,s,s,27,7,5,5,8,10,10,9,8,7,16,23,16.0,16.0,18.0,24.0,26.0,0.0,s,s,s,5,s,s,0,0,0,0,s,s,s,s,s,0,0,3.6,4.6,3.2,1.6,4.2,2.9,4.5,1.6,2.8,1.6,2.5,1.3,2.5,1.6,3.1,0.9,0.9,55,36.0,35.0,40.0,32.0,24.0,29.0,21.0,28.0,34.0,21.0,18.0,27.0,20.0,19.0,26.0,23.0,501.99999999999994
s,s,4.8,8.9,s,0.9,7.3,6.3,4.8,0,s,s,0.9,3.0,s,s,63,71.0,s,s,13,2.1,99,99.0,81,81.0,s,s,294290,300585,s,s,2.1,21,22,21,14,17,20,17,10,13,10,20,27.0,32.0,36.0,41.0,37.0,0.0,5,8,9,6,5,s,s,0,0,s,6,s,0,s,s,0,0,2.6,3.0,2.7,2.7,1.3,1.5,1.5,1.3,1.7,2.4,1.8,3.1,2.0,1.8,1.3,0.4,1.8,32,33.0,29.0,36.0,26.0,22.0,21.0,26.0,32.0,34.0,33.0,31.0,33.0,24.0,25.0,34.0,26.0,600.0
s,s,5.8,9.9,s,0,9.2,2.6,4.1,5.8,s,s,3.9,3.9,s,s,64,64.0,s,s,4,3.4,100,96.0,76,79.0,s,s,180070,169323,s,s,-6,18,12,17,14,16,15,15,11,16,27,39,52.0,65.0,71.0,68.0,70.0,0.0,5,s,s,s,5,s,s,s,5,5,0,s,8,5,0,0,0,1.6,0.5,2.0,0.4,0.7,0.7,0.4,0.4,0.2,0.7,0.2,0.2,0.6,0.2,0.2,0.4,0.9,21,21.0,16.0,15.0,17.0,19.0,16.0,10.0,11.0,9.6,13.0,9.3,17.0,17.0,14.0,10.0,8.7,701.0
s,s,19,12.0,s,24,0,1.9,14,0,s,s,2.9,4.0,s,s,74,79.0,s,s,4.4,1.0,100,93.0,67,69.0,s,s,91471,121984,s,s,33,23,20,18,16,24,22,28,24,24,31,35,35.0,42.0,44.0,47.0,50.0,0.0,7,7,s,s,s,s,7,7,5,7,s,s,0,s,s,6,0,1.8,1.8,0.9,0.9,0.6,0.0,0.3,0.0,0.6,1.2,0.3,0.9,0.3,0.3,0.9,0.0,0.3,9.8,13.0,10.0,11.0,12.0,11.0,11.0,3.9,7.8,10.0,13.0,7.4,9.2,5.4,9.5,15.0,10.0,702.0
s,s,7.4,14.0,s,3.9,3.7,2.4,0.5,2.6,s,s,20,5.1,s,s,56,55.0,s,s,1.7,1.6,99,98.0,85,88.0,s,s,270493,358332,s,s,32,11,10,9,12,13,12,9,9,9,12,15,26.0,43.0,41.0,42.0,35.0,0.0,6,s,s,s,s,s,0,0,0,0,s,s,5,7,s,s,0,0.7,1.0,0.4,0.0,0.4,0.3,0.3,0.4,0.1,0.4,0.3,0.3,0.6,0.3,0.3,0.3,0.3,15,15.0,14.0,11.0,10.0,9.7,9.7,9.7,13.0,12.0,11.0,13.0,11.0,12.0,14.0,16.0,13.0,801.0
s,s,13,14.0,s,5.7,1.1,3.0,3.3,0,s,s,1.5,4.2,s,s,70,65.0,s,s,2,3.2,100,94.0,93,90.0,s,s,226981,245661,s,s,8.2,s,s,5,5,5,6,s,s,s,5,7,14.0,14.0,20.0,21.0,23.0,0.0,s,0,0,0,0,s,0,0,0,0,0,s,0,0,0,0,0,1.1,1.4,3.2,2.5,0.7,1.8,0.7,1.8,0.4,1.7,1.7,1.4,1.4,1.0,0.0,0.0,0.7,31,16.0,14.0,33.0,13.0,12.0,14.0,14.0,19.0,19.0,31.0,16.0,13.0,14.0,10.0,8.7,14.0,802.0
s,s,4.4,11.0,s,0,1.7,0.0,1.4,2.3,s,s,59,9.6,s,s,33,38.0,s,s,1.9,2.3,100,99.0,97,92.0,s,s,416548,393274,s,s,-5.6,5,s,s,s,s,s,s,s,s,s,s,7.0,16.0,15.0,15.0,22.0,0.0,s,s,s,s,s,s,0,0,0,0,0,s,s,s,s,0,0,1,1.5,0.7,0.3,0.6,0.3,1.3,0.3,0.4,0.3,0.1,0.1,0.1,0.3,0.3,0.7,0.8,21,19.0,17.0,17.0,12.0,12.0,9.2,10.0,7.9,9.2,9.8,9.6,9.5,14.0,9.6,8.5,8.5,901.0
s,s,3.2,1.7,s,2.1,0.7,7.2,0,0.3,s,s,0.8,2.0,s,s,74,73.0,s,s,3,1.3,100,99.0,95,98.0,s,s,288079,351946,s,s,22,s,s,0,s,s,s,s,s,s,5,s,6.0,18.0,18.0,12.0,15.0,0.0,0,s,0,0,0,0,0,0,0,0,0,s,8,8,s,s,0,0.5,0.5,0.0,0.5,0.5,0.0,0.5,0.5,1.0,0.0,0.5,0.0,0.5,0.0,0.5,1.4,1.0,17,13.0,9.0,14.0,9.4,12.0,9.8,14.0,9.2,17.0,15.0,8.6,9.1,16.0,8.6,8.6,15.0,902.0
s,s,4.6,4.7,s,1.4,0.9,5.2,3.4,4,s,s,2.8,2.3,s,s,72,63.0,s,s,3.4,1.1,100,100.0,87,88.0,s,s,229532,199554,s,s,-13,10,11,11,10,11,19,22,19,20,28,38,46.0,34.0,41.0,45.0,57.0,66.0,0,0,0,0,0,s,s,0,0,0,0,s,6,s,s,s,s,4,4.4,4.3,3.6,3.2,3.0,1.6,4.4,2.8,3.4,3.1,3.4,2.0,1.5,1.6,1.6,2.3,41,38.0,35.0,36.0,33.0,29.0,26.0,53.0,61.0,54.0,48.0,48.0,44.0,59.0,52.0,50.0,44.0,1001.0
s,s,18,28.0,s,8.5,0,5.7,0,9.8,s,s,2.5,5.0,s,s,71,72.0,s,s,1.9,4.7,99,96.0,76,76.0,s,s,107459,159898,s,s,49,10,7,7,11,14,8,6,6,6,19,20,22.0,21.0,19.0,17.0,22.0,24.0,s,s,s,7,9,0,s,s,s,s,s,s,s,s,s,s,s,3.2,2.9,2.0,0.6,2.6,1.7,1.4,1.2,2.0,0.9,0.9,2.3,0.6,1.5,1.2,1.7,1.2,33,30.0,24.0,22.0,30.0,25.0,18.0,19.0,22.0,24.0,17.0,16.0,18.0,13.0,14.0,16.0,12.0,1002.0
s,s,2,4.0,s,0,0,7.9,10,0,s,s,1.3,3.5,s,s,73,66.0,s,s,4.4,0.7,99,99.0,88,86.0,s,s,259148,255862,s,s,-1.3,34,28,32,29,34,36,47,49,45,53,64,74.0,83.0,92.0,87.0,108.0,101.0,s,0,8,s,0,0,s,s,8,8,7,11,6,7,9,5,6,7.2,9.4,8.7,6.8,5.7,4.8,7.8,5.1,3.2,4.4,5.4,2.5,3.1,3.1,4.4,4.4,5.0,76,62.0,68.0,76.0,73.0,56.0,44.0,33.0,43.0,52.0,40.0,36.0,54.0,71.0,56.0,53.0,44.0,1100.0
s,s,7.2,5.2,s,3.7,0,3.0,9,9.4,s,s,1.6,1.6,s,s,79,75.0,s,s,4.6,2.2,100,99.0,77,68.0,s,s,196731,192444,s,s,-2.2,10,12,16,20,18,13,18,23,20,35,37,34.0,47.0,53.0,39.0,47.0,67.0,0,5,8,5,s,s,s,6,s,s,9,6,13,9,7,8,8,2.9,3.1,1.2,1.8,0.6,0.8,0.6,2.0,2.0,3.0,1.4,1.4,2.2,0.6,2.2,2.0,1.4,19,22.0,23.0,17.0,18.0,18.0,12.0,25.0,26.0,24.0,20.0,24.0,29.0,27.0,36.0,37.0,26.0,1200.0
s,s,8.1,6.4,s,4.4,6.1,5.7,1.8,0,s,s,1,3.4,s,s,72,79.0,s,s,1.9,1.3,100,98.0,82,74.0,s,s,304427,282980,s,s,-7,5,s,5,7,11,10,15,9,11,17,21,27.0,20.0,22.0,29.0,28.0,26.0,0,0,0,0,s,0,0,5,s,6,s,10,5,6,7,s,8,0.5,1.9,1.8,0.3,0.3,1.6,1.3,0.8,1.0,0.3,0.8,0.3,0.0,0.3,0.3,0.0,0.0,22,21.0,14.0,24.0,25.0,15.0,14.0,20.0,16.0,16.0,9.1,16.0,9.1,7.6,7.1,10.0,6.3,1301.0
s,s,4.3,11.0,s,3.7,5.2,3.1,5.1,6.8,s,s,2.1,3.6,s,s,75,77.0,s,s,1.6,0.8,99,97.0,67,63.0,s,s,170395,194520,s,s,14,14,16,17,10,13,13,18,17,16,16,21,37.0,38.0,36.0,43.0,46.0,36.0,s,s,s,s,s,s,s,s,s,s,0,0,0,0,0,0,0,3.3,4.8,4.0,2.0,2.3,3.0,2.6,1.2,1.3,1.6,2.2,0.7,0.4,1.3,0.6,0.6,0.4,44,33.0,35.0,40.0,30.0,26.0,24.0,17.0,18.0,20.0,18.0,18.0,7.4,12.0,12.0,12.0,8.5,1302.0
s,s,3.4,7.4,s,1.4,0.8,2.9,2.4,6.7,s,s,3.9,4.7,s,s,73,66.0,s,s,4.2,2.4,100,96.0,79,78.0,s,s,268291,285034,s,s,6.2,20,15,13,16,19,20,23,16,17,20,32,31.0,40.0,50.0,47.0,52.0,51.0,0,0,0,s,s,s,s,s,s,s,s,s,s,s,s,s,s,3.2,4.1,2.6,2.6,2.6,0.6,1.6,0.3,1.3,0.6,1.0,0.3,1.3,0.6,1.3,0.6,0.3,24,25.0,21.0,27.0,22.0,17.0,16.0,11.0,11.0,18.0,16.0,17.0,15.0,28.0,17.0,12.0,14.0,1401.0
s,s,13,9.7,s,4,6.2,21.0,33,3,s,s,1.9,3.1,s,s,43,68.0,s,s,17,9.5,97,99.0,74,75.0,s,s,161698,237377,s,s,47,19,13,12,15,18,19,21,15,16,19,30,29.0,37.0,47.0,44.0,48.0,48.0,0,0,0,s,s,s,s,s,s,s,s,s,s,s,s,s,s,1,1.8,2.4,1.6,2.5,1.7,1.2,0.9,0.9,1.0,1.3,2.7,0.7,0.3,0.7,0.3,0.3,20,16.0,19.0,21.0,17.0,18.0,14.0,12.0,17.0,20.0,17.0,16.0,19.0,23.0,12.0,15.0,16.0,1402.0
s,s,1.6,1.7,s,0,0.8,3.8,3.8,0,s,s,1.8,2.8,s,s,63,65.0,s,s,2.1,1.1,100,99.0,91,98.0,s,s,212200,242619,s,s,14,0,7,5,5,8,s,s,6,5,7,12,22.0,25.0,24.0,16.0,26.0,14.0,s,s,s,0,s,0,0,s,0,0,0,s,s,6,s,6,0,0.5,0.7,0.0,0.3,0.5,0.2,0.5,0.2,0.3,0.0,0.3,1.2,0.2,0.0,0.8,0.2,0.5,15,16.0,14.0,16.0,10.0,13.0,8.4,11.0,9.7,18.0,14.0,11.0,9.8,14.0,21.0,12.0,14.0,1500.0
s,s,4.9,3.9,s,6.9,1.1,3.8,5.6,6.4,s,s,3.9,8.5,s,s,63,62.0,s,s,3.8,2.3,99,97.0,90,97.0,s,s,184793,208653,s,s,13,63,58,64,73,78,94,93,102,103,154,181,204.0,209.0,203.0,198.0,216.0,184.0,29,27,31,34,36,54,33,37,37,42,44,56,51,56,65,60,50,5,5.2,2.5,5.2,4.2,5.3,5.3,6.0,6.8,3.0,4.8,2.8,5.6,5.3,3.5,3.0,5.3,37,42.0,43.0,45.0,28.0,31.0,27.0,35.0,35.0,44.0,35.0,34.0,50.0,38.0,56.0,45.0,34.0,1600.0
s,s,4.3,9.0,s,2.2,18,3.9,4.4,1.8,s,s,5.8,8.4,s,s,58,73.0,s,s,15,11.0,100,99.0,86,93.0,s,s,101129,135451,s,s,34,156,152,130,135,158,173,192,192,193,235,262,308.0,347.0,362.0,342.0,334.0,306.0,87,79,67,65,78,71,77,81,75,90,101,94,107,99,100,98,92,13,13.0,18.0,16.0,19.0,13.0,14.0,20.0,14.0,13.0,7.2,7.6,7.6,6.8,7.2,6.1,11.0,80,89.0,82.0,69.0,64.0,54.0,40.0,49.0,52.0,58.0,60.0,61.0,60.0,65.0,106.0,88.0,66.0,1702.0
s,s,12,13.0,s,12,13,16.0,20,17,s,s,8.8,7.0,s,s,60,67.0,s,s,24,18.0,99,96.0,64,72.0,s,s,79550,85507,s,s,7.5,180,178,149,192,208,215,251,258,286,424,550,693.0,832.0,877.0,857.0,917.0,943.0,81,77,55,66,68,77,86,77,103,128,153,150,198,173,185,185,173,4.6,5.1,8.6,18.0,8.6,8.2,5.7,13.0,5.0,6.6,6.0,4.0,8.5,3.1,4.8,7.4,6.0,34,35.0,44.0,40.0,29.0,25.0,20.0,20.0,20.0,14.0,12.0,12.0,18.0,25.0,32.0,16.0,16.0,1803.0
s,s,17,16.0,s,27,25,11.0,10,15,s,s,7.2,9.9,s,s,61,62.0,s,s,29,23.0,97,99.0,64,74.0,s,s,69454,60139,s,s,-13,299,311,333,383,423,447,504,461,505,624,902,1219.0,1382.0,1351.0,1235.0,1367.0,1357.0,141,149,179,187,178,202,246,187,197,227,240,296,322,301,293,295,263,7.7,9.6,13.0,14.0,12.0,10.0,11.0,18.0,14.0,13.0,9.2,7.6,13.0,10.0,8.5,14.0,9.4,30,38.0,40.0,36.0,40.0,27.0,21.0,33.0,36.0,29.0,28.0,28.0,33.0,39.0,80.0,79.0,58.0,1804.0
s,s,11,11.0,s,18,19,7.6,8.8,18,s,s,5.1,9.2,s,s,56,60.0,s,s,26,7.2,99,97.0,81,84.0,s,s,90304,92596,s,s,2.5,298,275,275,311,366,403,430,481,535,643,750,879.0,938.0,911.0,892.0,886.0,758.0,164,178,186,167,179,172,168,179,194,205,235,264,271,243,235,242,191,13,6.0,9.5,13.0,12.0,9.5,9.0,7.0,9.0,12.0,9.2,8.0,11.0,9.0,7.0,8.7,5.0,33,31.0,41.0,38.0,28.0,36.0,21.0,23.0,25.0,25.0,28.0,33.0,32.0,31.0,40.0,45.0,40.0,1901.0000000000002
s,s,8.8,8.5,s,12,25,11.0,2.8,6,s,s,6.7,7.6,s,s,53,63.0,s,s,15,10.0,99,98.0,79,89.0,s,s,98017,103721,s,s,5.8,158,139,142,160,192,192,170,160,192,254,327,351.0,333.0,337.0,325.0,292.0,281.0,79,74,83,98,106,87,72,80,91,87,103,113,111,101,87,77,76,6.9,5.9,7.9,13.0,11.0,15.0,12.0,12.0,8.1,11.0,7.6,12.0,7.6,10.0,6.1,3.6,3.6,45,50.0,62.0,58.0,38.0,44.0,49.0,40.0,49.0,50.0,55.0,59.0,29.0,59.0,46.0,49.0,37.0,1902.0
s,s,17,6.8,s,15,3.1,23.0,20,13,s,s,3,7.5,s,s,56,62.0,s,s,26,21.0,97,96.0,61,68.0,s,s,106284,129112,s,s,21,175,184,140,188,199,189,189,210,218,302,392,459.0,498.0,535.0,516.0,531.0,516.0,81,95,75,86,103,92,71,66,79,109,114,123,128,113,84,79,79,7.6,4.9,7.7,13.0,16.0,11.0,10.0,14.0,14.0,8.1,9.8,3.8,7.3,8.5,8.5,6.8,7.3,30,38.0,48.0,40.0,40.0,50.0,33.0,33.0,30.0,23.0,32.0,33.0,31.0,30.0,37.0,26.0,27.0,2001.0000000000002
s,s,9.6,13.0,s,11,18,16.0,12,6,s,s,7.2,11.0,s,s,56,65.0,s,s,23,14.0,100,99.0,76,85.0,s,s,100676,121171,s,s,20,321,273,279,295,309,375,362,356,413,554,714,826.0,882.0,883.0,813.0,783.0,729.0,148,133,131,145,138,160,137,132,146,184,208,196,193,195,154,150,145,11,5.9,10.0,17.0,15.0,12.0,9.5,17.0,15.0,14.0,12.0,7.9,17.0,11.0,18.0,19.0,13.0,57,43.0,47.0,47.0,54.0,44.0,30.0,47.0,40.0,34.0,31.0,38.0,47.0,53.0,66.0,52.0,48.0,2002.0
s,s,20,15.0,s,31,30,15.0,16,12,s,s,8.6,10.0,s,s,52,65.0,s,s,29,19.0,99,98.0,64,63.0,s,s,66317,73855,s,s,11,698,662,623,668,775,822,865,829,885,1233,1461,1670.0,1822.0,1830.0,1698.0,1785.0,1530.0,361,387,394,366,418,400,428,393,413,470,501,516,594,576,497,496,428,15,12.0,14.0,21.0,19.0,13.0,13.0,18.0,16.0,16.0,17.0,12.0,15.0,13.0,11.0,14.0,7.3,46,32.0,35.0,32.0,31.0,41.0,36.0,32.0,23.0,29.0,31.0,30.0,27.0,29.0,30.0,27.0,25.0,2101.0
s,s,9.1,18.0,s,9.9,35,12.0,8.1,17,s,s,11,11.0,s,s,52,61.0,s,s,24,7.1,99,95.0,65,74.0,s,s,71034,85625,s,s,21,545,468,510,610,629,647,669,670,740,872,1091,1256.0,1305.0,1347.0,1170.0,1198.0,1109.0,320,300,312,340,331,313,306,298,315,365,403,417,405,379,311,260,259,12,14.0,13.0,14.0,11.0,12.0,12.0,9.9,12.0,10.0,11.0,8.0,11.0,8.6,9.0,7.5,5.6,39,43.0,48.0,35.0,35.0,32.0,36.0,34.0,28.0,28.0,34.0,32.0,28.0,36.0,38.0,39.0,24.0,2102.0
s,s,13,7.9,s,18,0,17.0,19,16,s,s,5.3,14.0,s,s,54,62.0,s,s,31,13.0,99,98.0,73,80.0,s,s,79189,108112,s,s,37,368,357,369,384,406,446,466,498,512,642,780,952.0,952.0,942.0,906.0,873.0,763.0,215,208,228,219,232,244,246,214,200,230,250,296,305,273,252,241,229,8.6,7.7,8.3,13.0,8.6,11.0,9.2,18.0,14.0,13.0,15.0,7.0,10.0,10.0,9.9,5.2,5.8,33,32.0,34.0,33.0,27.0,25.0,22.0,31.0,26.0,22.0,20.0,25.0,17.0,32.0,19.0,20.0,18.0,2201.0
s,s,15,26.0,s,21,33,16.0,11,21,s,s,8.4,15.0,s,s,53,56.0,s,s,29,18.0,97,93.0,66,65.0,s,s,69270,71453,s,s,3.2,527,499,452,450,460,513,522,508,592,697,900,1034.0,1149.0,1154.0,1099.0,1074.0,983.0,270,277,274,243,224,243,236,212,251,262,311,355,362,383,345,262,228,6.3,8.9,12.0,11.0,8.9,14.0,11.0,13.0,13.0,14.0,12.0,8.4,10.0,12.0,12.0,12.0,8.4,26,24.0,46.0,33.0,21.0,23.0,19.0,24.0,26.0,26.0,27.0,18.0,28.0,27.0,26.0,24.0,17.0,2202.0
s,s,18,10.0,s,32,12,22.0,15,4.1,s,s,9.3,7.9,s,s,52,68.0,s,s,30,12.0,98,99.0,71,82.0,s,s,98093,109510,s,s,12,435,384,418,428,441,445,466,409,489,566,633,721.0,752.0,781.0,704.0,735.0,647.0,262,236,274,254,251,240,235,191,202,204,172,184,208,186,155,169,144,7.4,4.3,12.0,9.4,6.4,7.4,8.0,9.1,7.7,8.1,8.7,5.0,4.4,8.1,5.7,4.4,4.0,31,34.0,43.0,34.0,32.0,38.0,22.0,19.0,19.0,26.0,22.0,19.0,18.0,21.0,23.0,24.0,15.0,2301.0
s,s,24,24.0,s,11,0,31.0,0,27,s,s,4.2,2.5,s,s,49,48.0,s,s,12,6.7,98,74.0,88,63.0,s,s,71388,90985,s,s,27,25,24,25,30,27,50,64,68,49,45,67,60.0,61.0,68.0,69.0,80.0,62.0,11,8,5,13,6,17,10,11,15,12,15,17,16,19,17,26,21,5.2,7.8,7.4,9.7,9.9,11.0,5.1,3.3,11.0,4.1,4.9,3.4,4.4,5.4,6.4,5.4,4.4,71,102.0,88.0,87.0,69.0,79.0,52.0,65.0,67.0,42.0,31.0,29.0,30.0,41.0,40.0,34.0,24.0,2302.0
s,s,15,7.8,s,20,3.9,12.0,16,9.9,s,s,12,10.0,s,s,49,65.0,s,s,32,11.0,96,97.0,68,77.0,s,s,68809,101198,s,s,47,448,396,369,473,503,497,525,575,544,708,834,913.0,933.0,900.0,775.0,753.0,651.0,241,199,241,263,286,275,248,235,220,268,314,288,314,290,236,217,195,14,11.0,15.0,16.0,17.0,17.0,17.0,22.0,23.0,22.0,19.0,12.0,10.0,13.0,11.0,6.4,6.4,40,38.0,53.0,42.0,33.0,27.0,34.0,51.0,39.0,45.0,49.0,32.0,40.0,47.0,39.0,32.0,28.0,2400.0
s,s,13,23.0,s,9,30,14.0,19,47,s,s,8.4,9.9,s,s,56,59.0,s,s,31,21.0,98,98.0,67,66.0,s,s,112832,112254,s,s,-0.5,242,247,228,259,297,281,306,311,311,394,478,563.0,631.0,615.0,547.0,541.0,534.0,102,104,87,95,123,105,115,108,95,105,116,138,155,139,127,122,127,15,8.8,14.0,17.0,19.0,9.3,17.0,20.0,13.0,15.0,12.0,6.3,9.8,14.0,7.4,11.0,11.0,39,55.0,50.0,39.0,38.0,37.0,29.0,36.0,33.0,29.0,27.0,32.0,42.0,47.0,54.0,49.0,34.0,2501.0
s,s,19,15.0,s,26,23,14.0,8.1,11,s,s,6.7,5.9,s,s,55,75.0,s,s,43,22.0,97,99.0,55,57.0,s,s,58426,116622,s,s,100,610,510,550,609,642,700,700,681,672,938,1271,1556.0,1767.0,1806.0,1596.0,1660.0,1526.0,346,305,310,295,287,351,308,254,249,285,350,354,399,386,342,304,259,18,12.0,15.0,15.0,15.0,20.0,16.0,15.0,17.0,16.0,13.0,16.0,14.0,16.0,13.0,11.0,9.2,48,40.0,48.0,40.0,42.0,31.0,34.0,32.0,31.0,30.0,33.0,38.0,41.0,51.0,60.0,58.0,65.0,2502.0
s,s,8.5,5.1,s,9.4,2.2,5.1,7.8,4.7,s,s,5.8,7.4,s,s,55,65.0,s,s,6.1,3.2,100,99.0,86,89.0,s,s,186242,196308,s,s,5.4,29,24,16,31,43,45,44,41,42,71,79,76.0,88.0,81.0,79.0,82.0,85.0,19,13,7,12,13,12,18,16,8,12,10,18,12,11,11,10,10,5.9,5.9,5.9,5.0,3.2,2.8,3.2,3.7,2.3,4.1,2.8,2.3,4.6,2.3,2.3,3.7,3.2,60,41.0,64.0,49.0,42.0,37.0,37.0,30.0,44.0,44.0,34.0,44.0,48.0,40.0,57.0,40.0,35.0,2600.0
s,s,17,16.0,s,35,27,7.4,12,22,s,s,5.9,7.0,s,s,67,72.0,s,s,27,9.3,98,95.0,56,45.0,s,s,84109,106776,s,s,27,263,225,229,227,239,215,220,241,235,334,417,510.0,517.0,552.0,511.0,511.0,545.0,76,88,93,99,94,71,67,85,61,82,97,97,108,86,81,85,103,6.8,4.6,5.1,6.8,5.8,5.8,5.3,5.4,3.4,5.3,3.2,3.4,3.1,7.8,3.1,3.6,3.6,31,30.0,35.0,34.0,28.0,22.0,34.0,19.0,25.0,27.0,16.0,21.0,22.0,35.0,36.0,32.0,22.0,2701.0
s,s,19,7.8,s,23,7.6,31.0,38,4.1,s,s,5.6,4.0,s,s,72,77.0,s,s,31,12.0,95,99.0,58,62.0,s,s,97078,142159,s,s,46,310,320,265,274,269,261,276,287,275,317,375,441.0,499.0,492.0,470.0,515.0,522.0,118,103,94,87,88,69,81,84,69,51,68,56,46,41,27,45,62,7.3,9.7,13.0,14.0,12.0,13.0,9.2,12.0,11.0,6.4,7.5,8.2,6.9,3.6,4.8,4.4,5.9,42,49.0,60.0,49.0,27.0,29.0,48.0,45.0,35.0,28.0,27.0,30.0,24.0,31.0,42.0,30.0,23.0,2702.0
s,s,30,21.0,s,34,30,40.0,31,45,s,s,12,9.5,s,s,51,72.0,s,s,50,24.0,87,98.0,42,42.0,s,s,44624,42815,s,s,-4.1,596,545,473,447,489,508,511,516,541,614,739,824.0,873.0,873.0,808.0,848.0,796.0,294,281,250,210,235,242,226,220,234,255,253,245,246,213,191,186,182,21,7.7,18.0,24.0,18.0,20.0,21.0,22.0,19.0,19.0,12.0,14.0,15.0,15.0,10.0,14.0,9.5,43,43.0,41.0,44.0,41.0,37.0,45.0,29.0,28.0,32.0,27.0,29.0,29.0,29.0,37.0,39.0,28.0,2801.0
s,s,33,20.0,s,42,35,50.0,31,30,s,s,5.7,5.9,s,s,60,75.0,s,s,63,27.0,93,95.0,30,37.0,s,s,60496,60588,s,s,0.2,831,760,658,624,681,708,712,718,772,855,1030,1148.0,1217.0,1217.0,1126.0,1181.0,1109.0,409,391,348,293,328,337,315,307,325,356,352,341,343,296,266,260,254,12,9.2,13.0,17.0,13.0,15.0,13.0,25.0,26.0,21.0,23.0,25.0,19.0,23.0,23.0,20.0,17.0,29,32.0,37.0,28.0,26.0,24.0,35.0,58.0,80.0,90.0,109.0,102.0,126.0,128.0,133.0,143.0,120.0,2802.0
s,s,20,7.5,s,23,13,17.0,29,3.4,s,s,14,5.3,s,s,55,81.0,s,s,48,14.0,91,97.0,52,61.0,s,s,70681,106565,s,s,51,471,452,419,414,427,441,406,348,340,438,618,730.0,729.0,732.0,689.0,673.0,621.0,257,257,241,226,223,210,168,151,129,132,171,175,165,145,123,115,119,20,16.0,21.0,24.0,23.0,17.0,25.0,24.0,20.0,23.0,16.0,17.0,11.0,13.0,6.3,9.3,7.1,37,41.0,46.0,44.0,43.0,31.0,46.0,54.0,42.0,57.0,49.0,57.0,62.0,84.0,71.0,65.0,61.0,2900.0
s,s,38,26.0,s,47,50,49.0,28,43,s,s,17,6.4,s,s,51,71.0,s,s,39,9.4,93,95.0,49,45.0,s,s,57526,81412,s,s,42,672,629,581,540,596,628,575,558,580,697,812,906.0,887.0,892.0,828.0,789.0,723.0,392,391,349,310,359,327,284,285,294,327,351,348,324,323,297,230,229,25,23.0,34.0,42.0,21.0,33.0,27.0,23.0,25.0,19.0,21.0,22.0,19.0,16.0,10.0,13.0,7.9,48,60.0,64.0,62.0,48.0,45.0,51.0,50.0,47.0,47.0,46.0,49.0,52.0,58.0,62.0,61.0,44.0,3000.0
s,s,14,11.0,s,26,22,20.0,11,17,s,s,19,6.0,s,s,55,73.0,s,s,45,20.0,97,96.0,57,72.0,s,s,58229,86898,s,s,49,392,390,399,407,415,433,392,327,283,369,461,537.0,560.0,600.0,554.0,567.0,547.0,249,266,251,210,223,218,163,122,120,117,168,152,139,115,103,124,107,36,30.0,36.0,40.0,24.0,18.0,24.0,28.0,31.0,33.0,27.0,19.0,21.0,28.0,13.0,22.0,15.0,64,58.0,64.0,66.0,61.0,50.0,57.0,61.0,68.0,66.0,55.0,76.0,90.0,106.0,107.0,133.0,132.0,3100.0
s,s,26,16.0,s,37,21,17.0,15,9.6,s,s,15,7.6,s,s,48,64.0,s,s,41,26.0,94,97.0,53,63.0,s,s,57784,98714,s,s,71,916,964,1000,1075,1036,1110,1007,934,873,1073,1294,1378.0,1382.0,1399.0,1285.0,1216.0,1051.0,558,622,658,684,627,636,512,481,399,447,471,424,390,399,369,311,248,23,15.0,25.0,32.0,25.0,19.0,27.0,19.0,19.0,15.0,14.0,9.6,10.0,9.2,7.3,7.9,4.3,50,46.0,48.0,56.0,60.0,47.0,50.0,40.0,36.0,42.0,49.0,38.0,50.0,46.0,42.0,35.0,29.0,3200.0
s,s,23,7.6,s,34,0,12.0,27,4.3,s,s,15,4.3,s,s,53,83.0,s,s,26,2.6,97,99.0,67,76.0,s,s,76692,143117,s,s,87,377,352,343,357,374,400,310,315,320,378,384,472.0,436.0,417.0,350.0,324.0,254.0,209,193,189,185,217,202,136,147,152,143,127,141,118,98,83,70,66,14,18.0,18.0,16.0,11.0,11.0,9.4,10.0,13.0,14.0,6.6,6.6,7.5,7.8,4.1,7.2,12.0,43,55.0,48.0,76.0,50.0,39.0,47.0,42.0,36.0,31.0,41.0,39.0,50.0,34.0,47.0,43.0,37.0,3301.0
s,s,15,12.0,s,16,12,20.0,12,33,s,s,14,9.2,s,s,55,74.0,s,s,26,6.9,95,98.0,65,78.0,s,s,80286,128629,s,s,60,296,303,294,299,287,276,250,242,254,247,272,298.0,284.0,269.0,206.0,201.0,170.0,179,139,132,135,129,124,101,79,89,83,108,91,81,91,87,79,61,19,18.0,23.0,19.0,15.0,15.0,8.4,12.0,11.0,14.0,8.9,5.6,8.0,7.0,11.0,11.0,12.0,28,40.0,42.0,60.0,44.0,38.0,31.0,43.0,36.0,46.0,34.0,36.0,65.0,48.0,50.0,54.0,50.0,3302.0000000000005
s,s,40,19.0,s,60,21,38.0,38,15,s,s,16,10.0,s,s,39,47.0,s,s,37,13.0,95,96.0,38,58.0,s,s,41577,92614,s,s,123,645,606,591,619,635,603,546,549,521,579,648,674.0,699.0,689.0,626.0,656.0,619.0,355,292,314,294,326,313,217,244,230,212,201,183,169,178,183,145,129,21,24.0,22.0,18.0,16.0,20.0,23.0,20.0,22.0,16.0,14.0,12.0,14.0,14.0,13.0,10.0,12.0,74,89.0,80.0,112.0,75.0,80.0,63.0,53.0,60.0,47.0,39.0,48.0,65.0,49.0,59.0,48.0,64.0,3400.0
s,s,36,21.0,s,41,40,38.0,34,41,s,s,9,11.0,s,s,47,52.0,s,s,44,22.0,97,98.0,40,56.0,s,s,42119,75540,s,s,79,371,383,371,402,406,419,405,380,361,409,501,648.0,653.0,658.0,604.0,576.0,521.0,209,201,185,189,198,198,172,149,157,155,155,157,171,162,140,114,98,16,22.0,16.0,11.0,14.0,18.0,12.0,13.0,17.0,14.0,13.0,12.0,14.0,14.0,15.0,7.2,8.8,76,76.0,63.0,60.0,62.0,49.0,51.0,52.0,59.0,52.0,39.0,48.0,54.0,73.0,80.0,70.0,111.0,3500.0
s,s,28,10.0,s,24,0,41.0,48,20,s,s,11,8.4,s,s,56,78.0,s,s,43,7.9,95,97.0,45,59.0,s,s,51602,101803,s,s,97,650,571,588,644,620,624,616,574,546,588,655,758.0,760.0,811.0,763.0,762.0,706.0,333,283,283,288,288,272,228,190,201,190,172,177,170,158,145,117,111,19,25.0,22.0,23.0,22.0,23.0,18.0,12.0,14.0,9.1,12.0,16.0,8.8,7.4,6.9,11.0,8.6,42,49.0,55.0,51.0,51.0,44.0,44.0,50.0,45.0,41.0,40.0,43.0,41.0,52.0,54.0,50.0,53.0,3600.0
s,s,34,17.0,s,47,34,44.0,23,47,s,s,6.3,8.0,s,s,58,73.0,s,s,44,12.0,95,95.0,36,47.0,s,s,46503,74657,s,s,61,984,941,988,1004,876,919,837,859,883,988,1175,1302.0,1325.0,1415.0,1308.0,1261.0,1234.0,528,567,623,604,511,481,426,393,408,447,468,494,477,501,443,391,364,12,15.0,14.0,17.0,11.0,14.0,16.0,11.0,11.0,11.0,6.6,9.5,8.0,9.2,6.1,5.9,6.9,32,37.0,43.0,38.0,29.0,29.0,35.0,35.0,36.0,28.0,23.0,42.0,29.0,34.0,45.0,34.0,29.0,3700.0
s,s,21,11.0,s,49,16,25.0,21,0,s,s,5.1,6.1,s,s,70,74.0,s,s,24,12.0,98,97.0,51,56.0,s,s,79432,141871,s,s,79,348,329,348,348,342,325,338,340,304,350,420,518.0,550.0,551.0,498.0,486.0,462.0,175,188,183,169,133,117,97,95,95,94,110,130,113,106,90,102,99,15,19.0,22.0,20.0,20.0,20.0,18.0,16.0,20.0,16.0,14.0,16.0,8.9,8.2,4.6,4.3,6.5,64,99.0,77.0,87.0,58.0,62.0,69.0,63.0,58.0,53.0,40.0,58.0,42.0,54.0,57.0,40.0,35.0,3800.0
s,s,8.4,9.8,s,7.8,0,5.4,6.8,12,s,s,3.2,9.0,s,s,80,78.0,s,s,11,1.7,99,96.0,56,52.0,s,s,92370,162466,s,s,76,136,143,126,131,130,117,112,110,95,132,139,167.0,170.0,174.0,159.0,169.0,156.0,44,34,31,25,26,21,16,17,14,30,28,24,11,24,24,23,17,6.2,11.0,16.0,12.0,14.0,12.0,9.7,13.0,7.8,8.5,7.2,8.9,11.0,8.7,4.2,8.7,4.9,47,46.0,43.0,50.0,38.0,36.0,47.0,39.0,33.0,27.0,30.0,34.0,38.0,41.0,41.0,36.0,39.0,3900.0
s,s,5.2,4.4,s,0,0,13.0,2.4,3.6,s,s,0.6,3.6,s,s,87,81.0,s,s,3,2.4,100,97.0,69,63.0,s,s,237346,240876,s,s,1.5,29,26,29,34,38,34,28,26,30,36,42,45.0,54.0,58.0,46.0,46.0,47.0,14,9,10,9,10,8,8,5,5,7,s,s,s,7,6,7,11,1.8,4.4,6.2,5.5,5.1,4.8,4.5,8.6,6.6,5.9,6.1,6.7,4.8,3.5,2.4,4.8,1.9,31,34.0,39.0,38.0,24.0,31.0,33.0,37.0,37.0,30.0,28.0,28.0,32.0,31.0,35.0,34.0,34.0,4001.0
s,s,5.1,3.8,s,1.6,0,13.0,3.4,9.5,s,s,2.7,2.1,s,s,82,85.0,s,s,9.7,0.9,99,99.0,64,51.0,s,s,143620,146121,s,s,1.7,29,25,29,33,37,34,28,26,30,36,42,45.0,54.0,58.0,46.0,46.0,47.0,14,9,10,9,10,8,8,5,5,6,s,s,s,7,6,7,11,12,16.0,15.0,17.0,15.0,15.0,16.0,14.0,14.0,11.0,12.0,8.2,14.0,18.0,9.7,12.0,7.2,68,61.0,85.0,73.0,54.0,50.0,49.0,57.0,44.0,52.0,55.0,53.0,70.0,64.0,64.0,53.0,58.0,4002.0000000000005
s,s,3.6,5.7,s,4.3,1.8,1.5,1.8,3.6,s,s,1.2,2.7,s,s,76,73.0,s,s,5.2,2.6,100,98.0,74,63.0,s,s,312741,216664,s,s,-31,s,s,5,6,20,24,21,15,7,9,13,16.0,29.0,18.0,19.0,15.0,17.0,0,s,0,0,0,s,0,0,0,0,s,s,s,5,0,0,0,7.9,5.5,8.6,5.0,5.8,4.6,2.3,4.9,3.7,4.5,3.7,2.2,8.5,2.6,3.3,1.8,3.3,48,42.0,43.0,56.0,33.0,31.0,41.0,41.0,27.0,36.0,33.0,30.0,55.0,32.0,48.0,55.0,49.0,4100.0
s,s,9,4.9,s,31,0,34.0,6.6,19,s,s,2.7,4.0,s,s,87,88.0,s,s,7.5,3.8,100,95.0,56,53.0,s,s,133658,152973,s,s,14,57,65,71,72,79,69,72,64,53,60,65,72.0,77.0,81.0,69.0,53.0,54.0,15,21,20,20,15,20,19,24,19,16,18,20,16,20,9,5,s,9.8,7.4,11.0,6.9,8.1,6.0,6.6,9.0,5.4,5.7,8.7,5.7,5.4,10.0,5.1,2.1,3.9,43,43.0,52.0,49.0,39.0,29.0,43.0,36.0,33.0,43.0,32.0,42.0,53.0,42.0,46.0,43.0,45.0,4201.0
s,s,7.9,7.4,s,0,0,12.0,13,1.2,s,s,2.4,3.2,s,s,82,85.0,s,s,6.9,0.9,99,96.0,50,48.0,s,s,163335,215739,s,s,32,37,29,28,29,25,35,29,31,28,31,37,35.0,40.0,37.0,36.0,27.0,28.0,6,8,5,11,s,5,6,s,s,9,7,s,s,s,0,0,s,12,7.9,14.0,12.0,14.0,6.7,7.4,9.9,12.0,10.0,12.0,12.0,9.0,4.0,1.1,5.1,3.6,60,68.0,72.0,63.0,59.0,50.0,47.0,62.0,59.0,76.0,67.0,71.0,55.0,49.0,47.0,49.0,69.0,4202.0
s,s,20,12.0,s,35,27,33.0,38,27,s,s,4.9,7.1,s,s,67,79.0,s,s,27,10.0,98,99.0,46,48.0,s,s,107975,117233,s,s,8.6,347,316,304,272,289,296,261,236,233,269,361,384.0,376.0,366.0,348.0,303.0,266.0,172,149,121,116,140,129,104,96,78,77,84,63,71,70,67,51,43,18,13.0,10.0,17.0,14.0,13.0,11.0,15.0,13.0,10.0,6.8,10.0,14.0,17.0,12.0,9.2,6.8,52,48.0,54.0,52.0,45.0,43.0,50.0,52.0,51.0,58.0,50.0,54.0,79.0,74.0,101.0,96.0,86.0,4300.0
s,s,20,13.0,s,30,28,18.0,43,46,s,s,4.4,3.7,s,s,66,83.0,s,s,25,5.5,97,96.0,59,64.0,s,s,62904,206342,s,s,228,291,241,246,248,229,203,205,185,197,209,246,294.0,308.0,286.0,254.0,231.0,196.0,134,130,112,125,114,88,76,64,65,57,63,51,52,60,44,46,30,55,57.0,48.0,41.0,36.0,38.0,43.0,34.0,28.0,28.0,26.0,40.0,29.0,26.0,16.0,18.0,18.0,265,195.0,199.0,177.0,175.0,149.0,166.0,146.0,149.0,151.0,109.0,116.0,146.0,143.0,146.0,147.0,192.0,4400.0
s,s,24,14.0,s,32,36,19.0,23,2.2,s,s,22,9.6,s,s,44,68.0,s,s,32,10.0,95,97.0,56,72.0,s,s,54478,106310,s,s,95,724,655,613,622,677,653,616,541,585,695,732,799.0,751.0,732.0,695.0,640.0,600.0,416,394,357,300,340,315,290,234,237,269,235,251,213,194,199,155,147,32,33.0,27.0,31.0,27.0,25.0,26.0,23.0,20.0,23.0,29.0,25.0,29.0,19.0,17.0,21.0,22.0,52,48.0,53.0,60.0,55.0,41.0,40.0,68.0,61.0,60.0,47.0,58.0,82.0,54.0,70.0,73.0,79.0,4600.0
s,s,37,24.0,s,39,31,60.0,33,14,s,s,25,8.4,s,s,32,57.0,s,s,42,16.0,95,98.0,33,45.0,s,s,33758,66565,s,s,97,1379,1369,1441,1639,1622,1636,1602,1564,1376,1283,1430,1571.0,1655.0,1652.0,1569.0,1543.0,1464.0,727,800,844,925,963,999,905,848,691,553,565,581,575,546,531,472,460,33,32.0,40.0,39.0,25.0,29.0,25.0,19.0,13.0,15.0,16.0,19.0,13.0,9.8,8.8,10.0,8.5,48,58.0,48.0,36.0,38.0,52.0,49.0,32.0,32.0,32.0,30.0,41.0,41.0,42.0,43.0,61.0,90.0,4701.0
s,s,37,15.0,s,39,36,60.0,33,24,s,s,25,6.9,s,s,32,72.0,s,s,42,10.0,95,98.0,33,54.0,s,s,33758,138860,s,s,311,377,375,394,449,444,448,439,428,377,351,392,430.0,453.0,452.0,429.0,423.0,401.0,199,219,231,253,264,274,248,232,189,151,155,159,157,149,146,129,126,45,32.0,39.0,39.0,19.0,30.0,23.0,32.0,23.0,15.0,21.0,19.0,12.0,14.0,15.0,14.0,14.0,166,156.0,140.0,104.0,89.0,89.0,75.0,70.0,53.0,40.0,37.0,33.0,32.0,33.0,115.0,96.0,128.0,4702.0
s,s,30,9.7,s,40,0,52.0,32,21,s,s,11,4.5,s,s,50,76.0,s,s,36,11.0,92,94.0,53,59.0,s,s,59498,117975,s,s,98,302,291,238,268,274,253,231,241,205,246,296,323.0,309.0,281.0,240.0,252.0,258.0,137,142,123,106,106,98,88,82,57,64,71,73,74,53,38,40,37,27,30.0,25.0,18.0,21.0,26.0,15.0,27.0,23.0,27.0,25.0,26.0,14.0,20.0,18.0,9.8,14.0,76,72.0,85.0,79.0,89.0,69.0,51.0,66.0,90.0,73.0,64.0,73.0,95.0,82.0,92.0,110.0,96.0,4801.0
s,s,21,26.0,s,16,39,31.0,31,49,s,s,13,3.0,s,s,52,72.0,s,s,34,15.0,98,100.0,58,50.0,s,s,52562,79919,s,s,52,483,464,524,542,586,585,590,591,566,575,653,704.0,735.0,701.0,640.0,650.0,613.0,242,248,280,285,288,249,218,225,204,211,204,194,192,193,188,182,176,13,18.0,16.0,16.0,13.0,10.0,16.0,16.0,9.2,9.6,15.0,11.0,11.0,13.0,7.9,6.2,5.8,34,38.0,45.0,44.0,54.0,42.0,39.0,45.0,41.0,24.0,28.0,41.0,51.0,55.0,73.0,39.0,49.0,4802.0
s,s,35,21.0,s,47,32,51.0,51,18,s,s,15,8.3,s,s,49,69.0,s,s,39,16.0,99,95.0,46,62.0,s,s,44791,73912,s,s,65,444,479,527,513,496,559,550,519,476,524,576,647.0,630.0,654.0,609.0,609.0,544.0,244,264,265,288,281,299,250,254,219,211,185,173,165,158,142,124,111,28,33.0,28.0,29.0,30.0,30.0,30.0,24.0,10.0,14.0,20.0,16.0,12.0,16.0,14.0,20.0,12.0,69,80.0,82.0,76.0,76.0,54.0,71.0,58.0,71.0,60.0,44.0,53.0,67.0,76.0,92.0,103.0,109.0,4901.0
s,s,19,12.0,s,18,9.7,47.0,21,16,s,s,6,5.0,s,s,68,84.0,s,s,30,14.0,94,99.0,53,56.0,s,s,77307,98631,s,s,28,211,233,254,274,269,274,303,278,305,327,361,396.0,457.0,496.0,464.0,439.0,424.0,111,115,144,156,156,159,142,104,98,102,114,117,142,155,125,104,97,23,23.0,19.0,23.0,18.0,15.0,22.0,25.0,18.0,20.0,16.0,14.0,8.2,11.0,12.0,11.0,13.0,49,55.0,62.0,59.0,70.0,54.0,78.0,67.0,62.0,63.0,38.0,59.0,76.0,75.0,96.0,99.0,147.0,4902.0
s,s,27,8.3,s,40,0,44.0,55,22,s,s,7.5,2.5,s,s,67,82.0,s,s,31,6.2,95,99.0,47,69.0,s,s,76688,196843,s,s,157,86,81,80,83,82,90,91,90,89,97,116,139.0,152.0,164.0,154.0,151.0,138.0,20,23,23,21,21,19,17,13,14,12,14,16,15,15,14,13,11,21,37.0,34.0,18.0,22.0,24.0,18.0,11.0,15.0,17.0,9.2,9.7,12.0,8.7,5.1,9.7,7.2,148,129.0,142.0,112.0,98.0,92.0,131.0,72.0,66.0,67.0,61.0,58.0,95.0,70.0,75.0,74.0,101.0,5001.0
s,s,27,13.0,s,40,9.7,44.0,55,34,s,s,7.5,4.1,s,s,67,77.0,s,s,31,16.0,95,99.0,47,39.0,s,s,76688,118073,s,s,54,462,431,430,444,436,482,489,479,478,518,622,742.0,811.0,874.0,825.0,807.0,735.0,105,121,125,113,112,99,88,70,72,66,75,87,82,79,76,70,61,11,13.0,7.5,9.2,7.6,8.2,11.0,7.4,8.1,3.5,5.8,5.8,6.3,3.2,3.0,3.2,3.2,34,33.0,48.0,39.0,38.0,34.0,38.0,32.0,30.0,29.0,20.0,24.0,28.0,26.0,29.0,24.0,29.0,5002.0
s,s,19,7.9,s,45,0,22.0,36,20,s,s,5.3,2.8,s,s,74,88.0,s,s,14,6.2,99,97.0,45,51.0,s,s,79867,187519,s,s,135,278,274,299,325,323,321,310,300,291,315,352,380.0,357.0,371.0,348.0,324.0,298.0,116,116,122,137,141,134,121,122,87,105,122,108,89,69,46,50,47,10,15.0,9.9,9.6,6.0,9.0,6.8,9.8,8.3,8.4,7.9,8.6,6.9,6.9,4.8,5.4,3.6,58,54.0,66.0,57.0,46.0,45.0,49.0,59.0,57.0,59.0,48.0,56.0,56.0,54.0,64.0,62.0,70.0,5201.0
s,s,8.7,7.8,s,10,0,12.0,12,7.4,s,s,2.9,0.8,s,s,87,85.0,s,s,5.9,0.7,99,96.0,45,40.0,s,s,202199,157026,s,s,-22,47,53,52,61,52,48,45,60,61,61,78,65.0,64.0,57.0,62.0,60.0,62.0,18,22,22,24,27,13,11,12,20,29,25,12,6,6,8,10,11,11,8.3,8.9,8.1,7.3,6.1,7.7,5.5,7.5,6.3,7.1,6.1,5.9,3.2,2.6,4.4,3.6,75,57.0,59.0,47.0,45.0,45.0,37.0,45.0,57.0,55.0,34.0,54.0,56.0,47.0,50.0,48.0,50.0,5301.0
s,s,13,18.0,s,21,39,3.1,0,7.7,s,s,1.2,2.5,s,s,79,74.0,s,s,5.6,1.2,99,97.0,51,52.0,s,s,175218,203773,s,s,16,s,7,12,8,12,14,10,10,11,11,21,26.0,37.0,39.0,31.0,32.0,38.0,0,0,s,s,s,0,s,0,0,0,5,s,5,s,s,s,18,12,14.0,13.0,15.0,10.0,9.7,9.0,9.7,8.1,9.9,7.6,9.6,8.8,4.3,6.6,4.9,6.9,104,83.0,77.0,77.0,65.0,62.0,56.0,67.0,72.0,59.0,50.0,60.0,69.0,67.0,70.0,78.0,85.0,5500.0
s,s,25,22.0,s,0,0,9.4,12,16,s,s,4.5,2.9,s,s,55,60.0,s,s,6,3.4,100,98.0,49,35.0,s,s,320413,249259,s,s,-22,53,41,29,25,20,22,35,40,33,32,47,54.0,64.0,67.0,78.0,127.0,132.0,s,0,0,0,s,0,s,s,s,0,0,s,s,0,0,17,8,3,3.6,4.4,3.4,2.2,2.2,1.1,1.8,3.0,2.2,2.7,1.6,2.4,1.2,1.2,2.2,3.0,30,24.0,24.0,25.0,25.0,16.0,17.0,17.0,16.0,16.0,16.0,20.0,16.0,17.0,23.0,20.0,18.0,5600.0
s,s,31,16.0,s,53,23,70.0,54,24,s,s,4.2,5.6,s,s,63,78.0,s,s,32,9.7,99,99.0,47,47.0,s,s,115771,208395,s,s,80,334,311,375,476,558,568,518,312,211,178,181,196.0,181.0,168.0,177.0,183.0,184.0,24,9,10,11,14,7,8,11,5,0,s,s,5,s,0,s,7,145,151.0,81.0,78.0,55.0,41.0,50.0,46.0,46.0,40.0,37.0,40.0,43.0,38.0,28.0,36.0,36.0,1023,828.0,578.0,451.0,331.0,298.0,332.0,340.0,320.0,311.0,258.0,286.0,368.0,330.0,402.0,359.0,419.0,5800.0
s,s,37,14.0,s,5.1,0,55.0,64,34,s,s,32,5.2,s,s,43,74.0,s,s,34,9.1,95,98.0,39,44.0,s,s,67101,138258,s,s,106,903,740,754,934,969,969,901,748,721,850,877,952.0,962.0,969.0,843.0,812.0,683.0,120,125,142,152,142,133,102,81,47,56,48,62,80,82,89,70,59,21,21.0,19.0,21.0,11.0,8.8,12.0,15.0,16.0,13.0,7.3,12.0,11.0,7.3,10.0,13.0,13.0,157,128.0,135.0,96.0,48.0,50.0,55.0,66.0,56.0,58.0,36.0,57.0,70.0,68.0,65.0,48.0,63.0,5900.0
s,s,i,0.0,s,i,0,0.0,i,i,s,s,i,0.0,s,s,i,100.0,s,s,i,0.0,i,100.0,i,100.0,s,s,i,i,s,s,i,8,12,6,5,6,s,s,6,8,12,15,16.0,9.0,9.0,10.0,14.0,15.0,0,s,0,s,s,0,0,s,s,s,s,s,s,s,s,0,0,i,9667.0,3286.0,1900.0,1308.0,706.0,650.0,609.0,538.0,500.0,576.0,424.0,545.0,424.0,121.0,394.0,545.0,i,84667.0,27571.0,17000.0,6692.0,6118.0,4150.0,4652.0,4500.0,4200.0,3606.0,3697.0,4152.0,4515.0,5545.0,3909.0,4333.0,6202.0
s,s,42,44.0,s,46,59,31.0,61,33,s,s,16,19.0,s,s,32,38.0,s,s,52,25.0,97,93.0,29,40.0,s,s,28168,38352,s,s,36,1032,995,967,1046,1116,1139,1138,1094,1185,1248,1399,1488.0,1526.0,1535.0,1500.0,1465.0,1301.0,610,605,557,585,618,596,592,545,558,598,619,606,590,569,542,477,430,28,22.0,23.0,19.0,22.0,24.0,27.0,22.0,21.0,16.0,14.0,17.0,15.0,17.0,16.0,13.0,17.0,57,52.0,57.0,42.0,39.0,47.0,47.0,53.0,40.0,21.0,40.0,36.0,47.0,59.0,38.0,41.0,54.0,6400.0
s,s,5.3,8.2,s,6.9,3.3,0.0,0,0,s,s,1.6,3.0,s,s,86,84.0,s,s,2.5,2.8,100,97.0,80,70.0,s,s,180879,233031,s,s,29,33,35,29,26,25,23,27,24,17,23,34,41.0,33.0,34.0,29.0,32.0,21.0,10,10,7,8,6,8,11,10,5,8,7,6,s,s,s,7,0,4.4,6.4,6.7,7.1,4.0,4.8,4.0,0.8,4.0,3.2,2.8,2.0,4.7,2.8,4.3,2.4,2.8,60,64.0,55.0,46.0,38.0,42.0,34.0,35.0,36.0,35.0,32.0,35.0,57.0,45.0,48.0,40.0,40.0,6500.0
s,s,5.2,2.6,s,0,0,3.3,10,11,s,s,1.8,4.0,s,s,85,79.0,s,s,2,0.6,100,100.0,83,75.0,s,s,219466,269634,s,s,23,s,7,8,s,5,s,s,7,8,10,17,13.0,13.0,15.0,18.0,16.0,18.0,s,s,s,0,0,0,0,s,s,s,s,s,s,s,s,s,s,8.6,12.0,19.0,16.0,7.2,12.0,11.0,9.1,14.0,10.0,6.3,5.2,9.4,8.4,7.3,5.8,7.3,76,82.0,84.0,70.0,55.0,48.0,52.0,72.0,69.0,59.0,45.0,63.0,77.0,94.0,83.0,81.0,101.0,6600.0
s,s,4.9,3.9,s,3.7,0,18.0,12,1.2,s,s,0.9,3.0,s,s,80,77.0,s,s,5.2,2.6,99,97.0,83,86.0,s,s,155816,218587,s,s,40,263,157,106,64,81,74,72,83,77,81,85,99.0,116.0,111.0,106.0,104.0,91.0,20,20,23,29,40,36,31,30,27,32,21,24,32,24,26,22,18,11,14.0,14.0,15.0,9.1,9.0,6.5,6.7,5.9,7.7,4.8,7.4,3.7,5.3,3.4,7.4,3.4,50,70.0,52.0,48.0,37.0,45.0,29.0,36.0,51.0,61.0,38.0,41.0,35.0,45.0,46.0,32.0,32.0,6700.0
s,s,24,10.0,s,39,20,14.0,11,6,s,s,17,10.0,s,s,48,71.0,s,s,25,11.0,96,97.0,52,79.0,s,s,68916,109841,s,s,59,420,371,321,330,326,297,267,282,298,353,419,432.0,413.0,448.0,448.0,418.0,392.0,184,218,192,162,178,150,109,116,116,152,164,156,154,168,177,148,160,13,8.7,9.8,8.4,14.0,10.0,10.0,14.0,15.0,17.0,12.0,5.6,9.2,12.0,8.2,11.0,9.7,21,39.0,36.0,39.0,41.0,36.0,35.0,44.0,43.0,44.0,33.0,33.0,38.0,27.0,35.0,41.0,46.0,6801.000000000001
s,s,23,11.0,s,22,9.3,8.9,34,1.7,s,s,9.7,9.9,s,s,54,72.0,s,s,26,8.5,99,98.0,67,83.0,s,s,77514,143023,s,s,85,320,269,241,200,203,208,201,205,202,232,242,287.0,278.0,249.0,230.0,208.0,154.0,148,156,133,119,124,118,93,87,72,72,69,66,81,76,58,48,43,7.9,13.0,12.0,11.0,7.3,9.2,10.0,4.8,7.2,2.9,6.2,1.0,5.8,3.8,1.9,5.3,6.7,32,61.0,36.0,44.0,33.0,32.0,31.0,27.0,44.0,27.0,24.0,31.0,36.0,41.0,43.0,35.0,26.0,6802.0
s,s,9.6,91.0,s,0,i,0.0,0,100,s,s,0,54.0,s,s,9.9,0.4,s,s,39,27.0,54,100.0,71,100.0,s,s,83823,i,s,s,i,14,5,7,19,25,45,91,99,169,184,205,195.0,204.0,449.0,387.0,338.0,268.0,s,s,s,13,14,25,44,38,49,58,105,106,130,333,312,285,230,4.5,5.1,3.9,2.4,3.9,4.8,3.4,6.8,4.0,5.0,5.4,6.0,3.0,3.3,4.4,3.3,4.1,16,16.0,11.0,16.0,14.0,14.0,13.0,12.0,12.0,10.0,9.0,17.0,6.3,4.9,5.7,2.2,2.7,6804.000000000001
s,s,19,3.9,s,25,0,23.0,28,9.7,s,s,9,1.6,s,s,62,82.0,s,s,15,4.5,99,99.0,71,81.0,s,s,96371,171152,s,s,78,206,172,159,171,192,182,166,157,177,181,208,192.0,184.0,199.0,187.0,191.0,185.0,86,80,75,72,100,95,53,46,62,51,54,40,39,41,38,41,44,17,29.0,28.0,23.0,17.0,21.0,19.0,19.0,26.0,26.0,16.0,12.0,14.0,11.0,12.0,13.0,13.0,93,150.0,94.0,69.0,80.0,76.0,60.0,81.0,96.0,81.0,73.0,57.0,72.0,97.0,95.0,112.0,98.0,6900.0
s,s,14,5.2,s,41,0,19.0,6.7,11,s,s,4.8,3.5,s,s,81,78.0,s,s,6.5,3.7,100,96.0,73,75.0,s,s,123612,211766,s,s,71,64,76,87,87,80,80,78,75,87,84,87,128.0,129.0,123.0,112.0,89.0,81.0,32,33,38,46,32,37,36,26,36,33,24,21,29,30,29,25,21,22,20.0,19.0,19.0,10.0,8.9,8.6,11.0,8.2,12.0,8.2,5.7,12.0,5.3,11.0,11.0,9.6,90,105.0,97.0,69.0,78.0,52.0,47.0,63.0,57.0,70.0,59.0,50.0,81.0,103.0,121.0,129.0,109.0,7000.0
s,s,43,25.0,s,61,34,46.0,48,27,s,s,17,14.0,s,s,45,55.0,s,s,36,9.5,93,99.0,43,56.0,s,s,42523,104015,s,s,145,1184,1067,997,1004,1024,979,1004,934,945,938,1003,1134.0,1165.0,1176.0,1094.0,1039.0,939.0,672,698,606,596,634,615,565,533,501,476,465,487,488,432,419,368,339,27,14.0,18.0,19.0,17.0,18.0,18.0,24.0,20.0,20.0,19.0,14.0,13.0,11.0,9.3,17.0,13.0,47,47.0,51.0,41.0,44.0,33.0,23.0,42.0,50.0,66.0,57.0,60.0,65.0,76.0,69.0,72.0,53.0,7100.0
s,s,62,12.0,s,78,15,64.0,73,33,s,s,33,6.0,s,s,24,80.0,s,s,55,4.1,90,98.0,14,68.0,s,s,31337,133537,s,s,326,819,815,777,804,529,221,111,101,127,164,208,273.0,318.0,417.0,434.0,435.0,403.0,470,446,396,400,258,109,45,21,28,31,36,36,47,101,111,98,99,60,69.0,68.0,57.0,35.0,27.0,13.0,9.2,9.2,7.8,6.8,5.7,8.6,10.0,5.4,8.2,13.0,267,295.0,207.0,137.0,109.0,92.0,116.0,76.0,53.0,44.0,44.0,47.0,53.0,58.0,71.0,79.0,96.0,7200.0
s,s,2.5,2.7,s,2.4,2.3,0.0,0,0,s,s,5.9,0.9,s,s,77,80.0,s,s,4.6,0.0,99,98.0,96,96.0,s,s,73791,91259,s,s,24,30,19,16,15,19,24,36,25,15,10,17,24.0,28.0,20.0,22.0,17.0,7.0,6,8,10,6,s,5,13,8,s,0,7,s,s,9,8,0,0,0.4,0.2,0.0,0.4,0.9,0.5,0.3,0.3,0.0,0.3,0.0,0.0,1.7,0.3,0.0,0.3,0.0,1,0.2,0.6,1.3,1.4,1.5,1.5,1.9,0.9,1.5,0.7,0.7,1.0,2.0,1.0,2.3,1.0,7301.000000000001
s,s,44,41.0,s,58,60,28.0,17,12,s,s,22,23.0,s,s,37,39.0,s,s,33,20.0,93,93.0,50,47.0,s,s,36012,43321,s,s,20,1909,1728,1797,1893,1856,1543,1432,1461,1446,1717,1967,2164.0,2272.0,2282.0,2316.0,2294.0,2078.0,1280,1234,1241,1274,1289,1035,905,900,889,928,1000,992,972,954,976,884,811,25,25.0,28.0,26.0,23.0,22.0,24.0,27.0,33.0,30.0,32.0,30.0,26.0,20.0,17.0,19.0,14.0,32,44.0,43.0,47.0,45.0,35.0,32.0,45.0,52.0,42.0,47.0,43.0,25.0,31.0,24.0,27.0,24.0,7304.000000000001
s,s,58,61.0,s,68,70,42.0,41,33,s,s,28,22.0,s,s,30,34.0,s,s,42,31.0,96,95.0,29,29.0,s,s,23168,20219,s,s,-13,1751,1678,1685,1754,1757,1858,1787,1721,1670,1731,1865,2019.0,2120.0,2229.0,2052.0,1991.0,1576.0,1129,1163,1074,1037,1047,1076,1037,971,921,940,973,1042,1050,1069,962,837,639,32,32.0,33.0,36.0,39.0,31.0,38.0,35.0,26.0,33.0,33.0,36.0,43.0,29.0,27.0,29.0,33.0,38,50.0,31.0,32.0,29.0,43.0,41.0,56.0,63.0,74.0,53.0,71.0,83.0,56.0,45.0,68.0,49.0,7401.000000000001
s,s,28,32.0,s,32,35,37.0,21,43,s,s,16,21.0,s,s,55,48.0,s,s,42,16.0,95,96.0,47,47.0,s,s,41182,36418,s,s,-12,887,826,857,951,1004,1017,998,1060,1144,1348,1524,1659.0,1770.0,1839.0,1781.0,1748.0,1604.0,615,604,632,667,686,697,634,628,685,769,747,758,799,807,781,702,621,18,13.0,19.0,15.0,8.3,18.0,23.0,22.0,19.0,22.0,22.0,14.0,20.0,23.0,16.0,18.0,20.0,26,31.0,35.0,31.0,31.0,31.0,31.0,40.0,51.0,40.0,45.0,33.0,35.0,43.0,38.0,40.0,37.0,7403.0
s,s,63,40.0,s,73,51,62.0,34,34,s,s,50,28.0,s,s,20,39.0,s,s,55,22.0,97,94.0,31,54.0,s,s,32459,47594,s,s,47,1743,1388,960,834,994,1049,1033,1019,704,786,919,1179.0,1301.0,1303.0,1261.0,1277.0,1205.0,1200,1034,746,657,698,696,690,674,384,409,396,416,445,446,453,424,389,25,20.0,19.0,19.0,17.0,17.0,19.0,18.0,12.0,16.0,18.0,14.0,26.0,24.0,25.0,28.0,27.0,30,23.0,28.0,34.0,24.0,24.0,30.0,34.0,25.0,36.0,32.0,23.0,47.0,56.0,61.0,49.0,52.0,7404.000000000001
s,s,52,30.0,s,63,30,35.0,24,9.4,s,s,34,8.2,s,s,37,58.0,s,s,40,16.0,97,98.0,49,54.0,s,s,25537,36736,s,s,44,1752,1630,1747,1782,1824,1784,1723,1682,1789,1925,2002,2138.0,2199.0,2254.0,2116.0,2156.0,2051.0,1302,1271,1255,1249,1318,1209,1156,1106,1137,1224,1134,1114,1131,1129,1105,1019,978,21,17.0,24.0,20.0,16.0,14.0,17.0,22.0,25.0,22.0,17.0,17.0,21.0,23.0,18.0,18.0,22.0,19,22.0,30.0,36.0,22.0,31.0,25.0,30.0,31.0,27.0,25.0,31.0,26.0,29.0,23.0,34.0,27.0,7406.0
s,s,24,25.0,s,35,37,7.5,15,18,s,s,16,17.0,s,s,49,53.0,s,s,37,14.0,98,96.0,54,53.0,s,s,50509,44121,s,s,-13,713,538,581,817,896,1003,929,935,1063,1220,1391,1615.0,1783.0,1980.0,2040.0,2037.0,2004.0,444,398,423,494,497,574,511,490,540,568,561,642,701,776,832,767,759,21,24.0,21.0,21.0,21.0,18.0,19.0,27.0,21.0,18.0,18.0,26.0,25.0,18.0,18.0,15.0,14.0,49,43.0,46.0,55.0,47.0,41.0,32.0,49.0,39.0,43.0,48.0,49.0,50.0,53.0,44.0,43.0,34.0,7406.999999999999
s,s,52,52.0,s,66,72,31.0,35,16,s,s,22,23.0,s,s,41,32.0,s,s,38,22.0,90,97.0,40,40.0,s,s,29831,32213,s,s,8,1038,978,954,1075,1178,1122,1160,1127,1266,1420,1595,1818.0,2011.0,2062.0,1873.0,1862.0,1749.0,708,729,703,689,765,727,707,675,742,821,849,901,966,978,917,822,805,19,27.0,28.0,17.0,19.0,26.0,18.0,17.0,9.8,12.0,8.6,15.0,20.0,19.0,16.0,13.0,11.0,26,27.0,37.0,39.0,35.0,29.0,23.0,20.0,20.0,18.0,16.0,23.0,36.0,33.0,34.0,24.0,26.0,7408.0
s,s,41,38.0,s,51,56,30.0,34,26,s,s,23,20.0,s,s,40,44.0,s,s,36,17.0,97,96.0,49,49.0,s,s,36224,34742,s,s,-4.1,1079,1005,1043,1157,1223,1238,1214,1290,1393,1641,1854,2020.0,2155.0,2239.0,2167.0,2128.0,1953.0,748,736,770,812,835,849,772,765,833,936,909,922,973,982,951,854,757,20,19.0,18.0,22.0,14.0,21.0,15.0,15.0,14.0,17.0,22.0,16.0,17.0,14.0,14.0,12.0,11.0,30,29.0,34.0,35.0,40.0,40.0,36.0,45.0,41.0,43.0,44.0,34.0,34.0,28.0,25.0,35.0,29.0,7409.0
s,s,45,52.0,s,58,65,25.0,46,41,s,s,22,27.0,s,s,40,33.0,s,s,33,18.0,97,95.0,49,51.0,s,s,42625,49958,s,s,17,1430,1423,1469,1556,1653,1629,1479,1455,1501,1735,1962,2242.0,2435.0,2527.0,2500.0,2444.0,2263.0,858,1012,1070,1004,981,923,761,760,846,929,986,969,1002,987,1032,973,917,31,31.0,30.0,31.0,35.0,25.0,26.0,22.0,21.0,21.0,20.0,19.0,21.0,21.0,17.0,17.0,11.0,28,28.0,35.0,45.0,39.0,29.0,24.0,32.0,27.0,30.0,36.0,35.0,36.0,35.0,32.0,35.0,30.0,7502.0
s,s,38,47.0,s,52,59,27.0,16,22,s,s,23,17.0,s,s,44,46.0,s,s,34,17.0,97,97.0,50,56.0,s,s,44946,40188,s,s,-11,1088,1057,1173,1311,1454,1474,1473,1448,1560,1795,1950,2148.0,2309.0,2404.0,2343.0,2437.0,2444.0,727,729,788,894,976,930,890,801,802,839,834,819,872,857,879,872,898,24,27.0,21.0,21.0,22.0,18.0,21.0,35.0,28.0,18.0,26.0,31.0,26.0,24.0,24.0,23.0,26.0,56,64.0,50.0,51.0,63.0,48.0,45.0,56.0,38.0,62.0,43.0,58.0,49.0,47.0,64.0,73.0,69.0,7503.0
s,s,38,48.0,s,47,67,42.0,46,22,s,s,20,19.0,s,s,46,40.0,s,s,30,21.0,94,96.0,47,45.0,s,s,33854,42526,s,s,26,962,935,1038,1160,1287,1305,1304,1281,1380,1589,1726,1901.0,2043.0,2128.0,2073.0,2156.0,2163.0,643,645,697,791,864,823,787,709,709,743,738,724,771,758,778,772,795,24,19.0,29.0,27.0,17.0,24.0,22.0,26.0,32.0,13.0,24.0,19.0,23.0,19.0,19.0,16.0,18.0,32,28.0,37.0,36.0,29.0,24.0,31.0,41.0,37.0,33.0,33.0,36.0,44.0,61.0,53.0,40.0,42.0,7504.000000000001
s,s,21,24.0,s,26,38,33.0,18,21,s,s,19,17.0,s,s,45,51.0,s,s,32,12.0,96,99.0,61,61.0,s,s,65006,59906,s,s,-7.8,891,899,1016,1194,1196,1366,1408,1388,1473,1628,1795,1977.0,2101.0,2083.0,1997.0,2016.0,1832.0,508,542,613,673,723,780,718,700,723,767,732,743,815,808,780,758,749,22,29.0,26.0,22.0,19.0,21.0,24.0,20.0,18.0,18.0,17.0,20.0,25.0,28.0,20.0,20.0,24.0,61,65.0,57.0,49.0,37.0,31.0,36.0,39.0,45.0,42.0,38.0,43.0,58.0,67.0,72.0,59.0,53.0,7601.000000000001
s,s,16,21.0,s,28,34,14.0,13,15,s,s,9,6.9,s,s,56,60.0,s,s,20,13.0,97,99.0,70,76.0,s,s,68160,76039,s,s,12,329,366,422,427,478,496,496,465,490,648,757,949.0,1075.0,1128.0,1071.0,1047.0,949.0,177,209,252,207,234,247,255,226,216,282,281,316,333,347,341,319,299,10,12.0,13.0,13.0,12.0,12.0,10.0,15.0,15.0,9.3,15.0,16.0,8.7,6.4,9.6,7.4,7.4,46,59.0,67.0,86.0,51.0,41.0,36.0,44.0,41.0,40.0,37.0,47.0,42.0,35.0,32.0,35.0,33.0,7603.0
s,s,15,18.0,s,26,32,5.0,7.8,21,s,s,6.5,15.0,s,s,59,57.0,s,s,17,12.0,98,96.0,67,67.0,s,s,89075,75080,s,s,-16,483,434,461,513,526,596,541,537,558,782,949,1150.0,1274.0,1334.0,1318.0,1307.0,1179.0,263,266,259,248,243,268,252,251,260,314,357,443,437,428,487,448,413,18,22.0,15.0,14.0,17.0,15.0,15.0,14.0,10.0,10.0,12.0,6.6,20.0,16.0,14.0,10.0,13.0,53,61.0,56.0,75.0,49.0,42.0,40.0,46.0,32.0,39.0,33.0,28.0,63.0,58.0,67.0,50.0,57.0,7604.000000000001
s,s,17,29.0,s,24,44,10.0,13,27,s,s,9.2,14.0,s,s,60,53.0,s,s,23,13.0,98,98.0,63,52.0,s,s,62388,50718,s,s,-19,493,441,435,510,463,504,511,580,645,800,1001,1165.0,1284.0,1355.0,1382.0,1423.0,1272.0,333,276,252,270,257,228,227,231,240,291,348,383,406,446,502,497,447,17,12.0,16.0,13.0,9.7,11.0,13.0,18.0,14.0,14.0,15.0,9.0,16.0,17.0,17.0,16.0,14.0,54,57.0,63.0,45.0,42.0,41.0,39.0,56.0,45.0,50.0,38.0,36.0,38.0,37.0,43.0,34.0,26.0,7605.0
s,s,32,47.0,s,47,58,25.0,15,47,s,s,17,24.0,s,s,48,41.0,s,s,38,22.0,96,97.0,51,44.0,s,s,40507,38011,s,s,-6.2,1378,1457,1458,1507,1708,1806,1853,1767,1742,2084,2353,2726.0,2959.0,3035.0,2884.0,2893.0,2720.0,965,1030,1037,911,1001,1030,1030,912,862,963,983,1059,1101,1093,1036,1044,983,24,22.0,19.0,19.0,17.0,15.0,12.0,15.0,13.0,14.0,20.0,18.0,17.0,20.0,20.0,18.0,16.0,46,46.0,55.0,46.0,36.0,39.0,24.0,29.0,48.0,33.0,34.0,36.0,33.0,30.0,29.0,36.0,26.0,7703.0
s,s,20,28.0,s,29,44,14.0,11,14,s,s,11,19.0,s,s,48,45.0,s,s,26,9.3,98,97.0,72,65.0,s,s,68240,46498,s,s,-32,587,585,727,826,972,1002,983,1026,1036,1120,1368,1540.0,1664.0,1704.0,1665.0,1582.0,1437.0,382,383,479,501,588,578,538,559,527,533,566,638,645,634,625,552,518,12,11.0,17.0,19.0,13.0,18.0,18.0,15.0,17.0,19.0,17.0,13.0,11.0,17.0,18.0,12.0,12.0,35,39.0,53.0,57.0,42.0,38.0,31.0,28.0,39.0,26.0,30.0,34.0,36.0,30.0,44.0,28.0,36.0,7706.999999999999
s,s,24,31.0,s,31,52,27.0,14,1.4,s,s,7.1,35.0,s,s,52,36.0,s,s,25,18.0,94,91.0,53,35.0,s,s,39120,44153,s,s,13,742,757,742,753,789,751,764,770,861,1019,1122,1302.0,1420.0,1556.0,1499.0,1429.0,1310.0,476,510,504,423,426,411,354,334,383,457,445,471,504,526,492,465,451,20,19.0,24.0,21.0,13.0,12.0,14.0,11.0,21.0,16.0,13.0,15.0,20.0,21.0,25.0,18.0,14.0,44,39.0,68.0,49.0,35.0,29.0,25.0,25.0,43.0,34.0,33.0,31.0,37.0,49.0,40.0,47.0,35.0,7708.0
s,s,15,29.0,s,14,33,21.0,15,27,s,s,11,26.0,s,s,58,45.0,s,s,30,17.0,95,98.0,65,63.0,s,s,89644,42392,s,s,-53,377,306,355,395,400,445,523,545,553,647,772,907.0,983.0,1065.0,996.0,940.0,951.0,202,200,223,212,185,194,255,276,208,237,277,300,353,385,370,310,331,20,18.0,17.0,15.0,18.0,13.0,17.0,18.0,23.0,15.0,12.0,17.0,18.0,18.0,23.0,19.0,10.0,45,50.0,47.0,63.0,39.0,35.0,28.0,50.0,50.0,52.0,35.0,41.0,54.0,62.0,66.0,53.0,47.0,7709.0
s,s,25,21.0,s,37,40,14.0,20,10,s,s,13,18.0,s,s,44,55.0,s,s,31,19.0,97,99.0,64,61.0,s,s,50999,54776,s,s,7.4,720,714,713,755,856,906,989,1029,1012,1105,1223,1359.0,1484.0,1499.0,1525.0,1585.0,1475.0,355,394,426,416,457,458,470,480,485,489,491,499,560,547,556,544,520,28,27.0,23.0,25.0,24.0,24.0,20.0,24.0,30.0,36.0,28.0,34.0,30.0,34.0,31.0,28.0,25.0,54,82.0,55.0,66.0,53.0,44.0,58.0,76.0,84.0,60.0,56.0,54.0,46.0,49.0,60.0,55.0,56.0,7803.0
s,s,41,29.0,s,62,51,28.0,19,19,s,s,18,13.0,s,s,32,43.0,s,s,43,23.0,94,98.0,57,56.0,s,s,44838,53050,s,s,18,1247,1096,1166,1235,1317,1380,1379,1260,1241,1368,1447,1539.0,1706.0,1763.0,1712.0,1755.0,1600.0,752,671,757,793,820,847,807,693,673,715,644,667,678,685,679,664,621,26,22.0,28.0,25.0,18.0,23.0,18.0,19.0,24.0,31.0,23.0,17.0,18.0,30.0,32.0,22.0,18.0,40,47.0,49.0,63.0,46.0,32.0,40.0,44.0,57.0,55.0,41.0,58.0,53.0,53.0,62.0,51.0,41.0,7804.000000000001
s,s,18,26.0,s,22,24,22.0,18,16,s,s,16,19.0,s,s,41,46.0,s,s,24,12.0,92,99.0,66,51.0,s,s,59787,52629,s,s,-12,499,534,554,641,651,730,751,741,782,932,1016,1078.0,1096.0,1153.0,1127.0,1168.0,1081.0,279,322,350,380,361,384,367,373,379,416,437,435,428,425,416,410,380,26,33.0,26.0,25.0,28.0,29.0,15.0,19.0,24.0,21.0,29.0,25.0,31.0,38.0,38.0,31.0,23.0,85,95.0,68.0,117.0,74.0,60.0,71.0,51.0,46.0,53.0,63.0,58.0,49.0,66.0,88.0,72.0,66.0,7806.0
s,s,16,21.0,s,12,33,31.0,28,10,s,s,6.1,21.0,s,s,45,44.0,s,s,36,17.0,96,96.0,59,64.0,s,s,70014,65826,s,s,-6,427,441,510,571,616,690,729,710,734,819,894,1010.0,1050.0,1104.0,1133.0,1129.0,1039.0,241,266,302,303,326,378,398,395,383,397,405,389,394,425,441,444,430,23,23.0,22.0,23.0,20.0,28.0,18.0,15.0,27.0,17.0,22.0,19.0,20.0,27.0,23.0,26.0,28.0,53,57.0,57.0,82.0,57.0,36.0,39.0,49.0,77.0,49.0,55.0,69.0,58.0,48.0,62.0,64.0,71.0,7806.999999999999
s,s,36,30.0,s,48,32,29.0,27,26,s,s,22,30.0,s,s,36,45.0,s,s,35,24.0,92,96.0,48,57.0,s,s,44291,64456,s,s,46,1644,1534,1391,1288,1229,1338,1422,1429,1456,1590,1661,1838.0,1874.0,1907.0,1889.0,1898.0,1751.0,1021,971,888,773,728,773,809,778,756,775,810,771,752,724,693,723,662,23,26.0,20.0,24.0,15.0,21.0,21.0,32.0,35.0,38.0,43.0,30.0,17.0,26.0,23.0,24.0,16.0,53,33.0,46.0,56.0,40.0,33.0,31.0,82.0,119.0,100.0,97.0,97.0,44.0,46.0,44.0,42.0,33.0,7808.0
s,s,22,24.0,s,16,37,16.0,20,21,s,s,16,14.0,s,s,39,58.0,s,s,32,16.0,94,96.0,65,64.0,s,s,53323,50353,s,s,-5.6,597,638,662,767,779,873,898,886,935,1114,1215,1289.0,1310.0,1379.0,1347.0,1396.0,1293.0,333,385,419,455,432,459,439,446,452,497,522,520,512,507,497,491,454,16,18.0,12.0,18.0,13.0,11.0,15.0,12.0,15.0,18.0,16.0,16.0,16.0,20.0,19.0,17.0,15.0,42,47.0,63.0,80.0,54.0,54.0,51.0,59.0,48.0,39.0,59.0,47.0,50.0,43.0,63.0,46.0,34.0,7809.0
s,s,32,23.0,s,41,28,22.0,27,22,s,s,17,19.0,s,s,44,52.0,s,s,35,22.0,94,97.0,48,57.0,s,s,45181,69468,s,s,54,1068,1060,1117,1248,1281,1348,1266,1222,1242,1338,1439,1580.0,1609.0,1567.0,1469.0,1428.0,1261.0,572,633,737,832,812,836,741,700,664,658,633,675,660,608,588,525,453,19,22.0,21.0,24.0,18.0,22.0,27.0,18.0,14.0,13.0,9.7,11.0,15.0,22.0,20.0,23.0,19.0,28,41.0,35.0,45.0,43.0,34.0,34.0,21.0,31.0,30.0,26.0,27.0,40.0,48.0,60.0,47.0,42.0,7901.000000000001
s,s,19,27.0,s,28,47,10.0,12,19,s,s,15,12.0,s,s,45,59.0,s,s,32,7.3,97,97.0,71,67.0,s,s,74095,68656,s,s,-7.3,340,332,340,362,349,374,395,384,388,444,510,556.0,592.0,554.0,479.0,509.0,436.0,184,196,175,205,210,220,210,185,190,215,205,219,211,181,164,181,166,20,18.0,19.0,20.0,18.0,22.0,19.0,21.0,15.0,12.0,16.0,18.0,7.9,11.0,9.0,8.5,11.0,29,35.0,48.0,61.0,57.0,43.0,48.0,45.0,36.0,42.0,34.0,36.0,29.0,28.0,41.0,36.0,33.0,7903.0
s,s,18,6.5,s,26,2.3,24.0,9.9,22,s,s,11,5.4,s,s,55,76.0,s,s,30,4.6,96,96.0,71,87.0,s,s,81978,155337,s,s,89,382,332,303,317,313,296,227,202,207,219,267,309.0,293.0,294.0,271.0,226.0,183.0,213,189,167,162,176,159,106,90,62,58,71,84,82,88,74,48,38,11,15.0,10.0,9.7,11.0,7.4,12.0,14.0,14.0,16.0,8.3,9.0,6.5,8.6,6.8,9.0,6.8,30,56.0,51.0,54.0,51.0,66.0,52.0,45.0,50.0,51.0,52.0,56.0,49.0,52.0,63.0,48.0,39.0,8001.000000000001
s,s,13,7.2,s,18,5.2,24.0,13,3.8,s,s,7.5,6.8,s,s,70,76.0,s,s,14,3.9,98,98.0,72,82.0,s,s,97921,141322,s,s,44,481,398,363,387,362,351,369,358,336,349,391,407.0,374.0,365.0,318.0,281.0,228.0,207,195,162,173,176,176,198,153,123,111,126,120,112,98,87,61,55,18,18.0,16.0,17.0,13.0,17.0,17.0,11.0,11.0,7.6,8.9,13.0,14.0,9.2,11.0,11.0,11.0,59,67.0,63.0,82.0,61.0,77.0,52.0,41.0,46.0,41.0,48.0,40.0,55.0,56.0,55.0,44.0,50.0,8002.0
s,s,6.2,1.7,s,10,0,6.6,3.2,3.6,s,s,6.5,1.9,s,s,72,83.0,s,s,8.8,2.6,100,99.0,80,80.0,s,s,150197,208417,s,s,39,132,91,84,88,88,90,94,94,89,84,93,78.0,88.0,93.0,86.0,78.0,81.0,41,35,40,34,41,47,44,37,27,24,26,6,13,16,18,13,19,6.9,9.6,10.0,6.9,9.1,6.7,11.0,9.0,7.8,5.2,3.1,3.4,3.4,2.7,2.4,3.4,2.7,46,104.0,80.0,80.0,84.0,95.0,42.0,40.0,42.0,35.0,30.0,39.0,61.0,53.0,43.0,46.0,30.0,8100.0
s,s,3.3,7.6,s,2.3,0,3.8,18,0,s,s,0.7,3.4,s,s,83,75.0,s,s,1.5,0.4,99,97.0,69,70.0,s,s,186381,215782,s,s,16,15,11,8,9,7,12,14,10,11,17,14,13.0,27.0,25.0,17.0,17.0,17.0,s,s,6,0,0,s,s,0,0,s,6,s,s,s,s,s,0,9.4,8.1,7.6,5.3,3.7,2.9,2.5,2.9,2.8,3.8,0.7,2.7,2.4,2.1,0.0,1.7,1.7,46,50.0,39.0,41.0,36.0,29.0,29.0,38.0,36.0,23.0,20.0,36.0,36.0,39.0,33.0,34.0,27.0,8200.0
s,s,9.5,3.8,s,20,0,29.0,22,0,s,s,4,3.5,s,s,82,83.0,s,s,6,3.0,98,100.0,80,84.0,s,s,124467,174447,s,s,40,119,80,56,85,110,92,73,67,73,99,110,129.0,127.0,128.0,115.0,96.0,74.0,72,52,36,42,52,38,30,23,28,39,45,38,42,33,32,29,33,23,16.0,17.0,16.0,17.0,11.0,10.0,11.0,13.0,9.6,8.3,9.2,6.6,3.5,5.7,5.3,2.2,79,80.0,70.0,70.0,85.0,53.0,59.0,56.0,64.0,48.0,45.0,47.0,63.0,62.0,63.0,58.0,57.0,8301.0
s,s,4.7,6.5,s,0,0,3.6,11,5.2,s,s,5.2,2.2,s,s,70,75.0,s,s,16,5.0,100,98.0,85,80.0,s,s,115499,176346,s,s,53,126,233,676,1284,1776,1926,1858,1842,2132,2488,2803,2941.0,2967.0,2882.0,2633.0,2556.0,2493.0,61,67,94,112,106,76,63,44,34,36,46,78,101,123,156,166,191,19,11.0,20.0,15.0,13.0,7.9,8.2,10.0,12.0,7.8,5.4,11.0,10.0,10.0,8.6,11.0,8.6,75,103.0,79.0,81.0,100.0,76.0,66.0,58.0,61.0,52.0,42.0,56.0,83.0,73.0,68.0,80.0,109.0,8302.0
s,s,25,10.0,s,42,6.9,39.0,32,31,s,s,12,9.8,s,s,52,72.0,s,s,28,9.5,100,97.0,54,64.0,s,s,66110,130686,s,s,98,314,291,275,289,310,318,312,281,283,281,316,346.0,321.0,311.0,308.0,294.0,264.0,96,82,75,67,83,83,67,54,48,57,78,75,60,34,56,46,39,11,13.0,19.0,23.0,16.0,13.0,21.0,16.0,19.0,16.0,14.0,13.0,10.0,9.8,8.4,13.0,6.5,39,71.0,73.0,60.0,97.0,80.0,86.0,62.0,57.0,69.0,49.0,72.0,60.0,81.0,87.0,67.0,62.0,8402.0
s,s,19,8.5,s,38,0,13.0,20,12,s,s,21,3.2,s,s,42,78.0,s,s,35,5.0,93,98.0,67,77.0,s,s,57909,108973,s,s,88,401,415,412,404,424,410,362,318,324,368,400,419.0,412.0,375.0,329.0,301.0,229.0,218,237,223,207,193,164,170,129,121,135,130,131,117,98,87,61,43,36,48.0,32.0,46.0,36.0,36.0,31.0,30.0,31.0,37.0,30.0,33.0,29.0,25.0,25.0,39.0,36.0,71,105.0,83.0,64.0,113.0,85.0,110.0,92.0,95.0,102.0,96.0,78.0,125.0,146.0,157.0,146.0,111.0,8410.0
s,s,19,11.0,s,19,9.3,10.0,11,0,s,s,15,5.5,s,s,49,71.0,s,s,26,12.0,95,97.0,59,75.0,s,s,71217,104016,s,s,46,599,569,637,675,763,735,603,532,540,572,669,778.0,746.0,742.0,696.0,648.0,502.0,351,319,323,334,352,309,273,236,198,214,224,226,211,194,180,153,126,15,23.0,13.0,15.0,16.0,21.0,19.0,18.0,16.0,19.0,17.0,18.0,15.0,11.0,13.0,9.1,9.1,39,37.0,34.0,55.0,54.0,41.0,36.0,68.0,43.0,34.0,42.0,56.0,65.0,49.0,76.0,52.0,35.0,8701.0
s,s,26,25.0,s,31,29,22.0,24,25,s,s,15,15.0,s,s,44,57.0,s,s,44,15.0,93,95.0,47,63.0,s,s,70950,98502,s,s,39,427,401,354,440,429,428,423,415,432,503,511,586.0,632.0,594.0,550.0,530.0,469.0,239,200,192,218,216,193,152,164,167,185,150,173,185,148,145,164,140,21,27.0,18.0,23.0,24.0,22.0,30.0,21.0,24.0,22.0,26.0,36.0,11.0,12.0,11.0,14.0,13.0,44,56.0,65.0,84.0,93.0,49.0,49.0,92.0,56.0,57.0,67.0,53.0,59.0,38.0,47.0,60.0,61.0,8702.0
s,s,29,26.0,s,43,41,27.0,22,17,s,s,20,17.0,s,s,39,52.0,s,s,42,15.0,95,96.0,56,63.0,s,s,60078,78333,s,s,30,907,845,826,940,1117,1171,1113,1057,1174,1378,1497,1534.0,1576.0,1618.0,1398.0,1315.0,1164.0,579,495,470,533,674,667,575,512,553,555,494,499,486,497,435,405,345,29,24.0,18.0,26.0,20.0,26.0,18.0,18.0,18.0,17.0,13.0,15.0,20.0,17.0,15.0,19.0,19.0,51,45.0,43.0,44.0,48.0,44.0,47.0,52.0,46.0,45.0,47.0,38.0,48.0,52.0,64.0,54.0,52.0,8802.0
s,s,44,52.0,s,57,62,21.0,46,56,s,s,36,23.0,s,s,36,37.0,s,s,25,20.0,92,96.0,39,45.0,s,s,27385,25830,s,s,-5.7,398,478,521,556,653,670,648,650,755,764,850,949.0,1025.0,1075.0,991.0,887.0,839.0,225,296,324,309,351,287,275,244,279,264,286,311,327,309,286,262,263,55,63.0,55.0,81.0,54.0,56.0,59.0,51.0,44.0,32.0,34.0,30.0,32.0,32.0,28.0,31.0,35.0,117,137.0,149.0,190.0,243.0,139.0,148.0,184.0,161.0,137.0,89.0,136.0,119.0,115.0,96.0,114.0,119.0,8803.0
s,s,29,30.0,s,41,15,25.0,21,27,s,s,11,22.0,s,s,52,48.0,s,s,36,19.0,95,94.0,45,59.0,s,s,62026,49637,s,s,-20,575,612,629,724,883,868,802,785,873,1007,1117,1256.0,1323.0,1325.0,1226.0,1158.0,1046.0,391,363,347,374,458,413,426,373,410,400,366,419,463,446,418,376,317,28,38.0,31.0,30.0,33.0,35.0,23.0,30.0,26.0,13.0,24.0,23.0,28.0,19.0,25.0,25.0,29.0,71,71.0,69.0,74.0,71.0,71.0,54.0,40.0,52.0,38.0,42.0,53.0,65.0,60.0,73.0,59.0,71.0,8804.0
s,s,23,33.0,s,36,55,24.0,13,4,s,s,14,13.0,s,s,47,51.0,s,s,42,24.0,94,97.0,58,49.0,s,s,46665,35166,s,s,-25,734,688,705,887,1031,1074,1030,936,1027,1223,1314,1440.0,1432.0,1419.0,1251.0,1171.0,1050.0,431,419,417,494,554,544,516,430,461,512,484,487,476,464,435,416,359,26,17.0,24.0,28.0,25.0,24.0,23.0,26.0,18.0,18.0,17.0,11.0,16.0,14.0,17.0,17.0,19.0,46,51.0,51.0,62.0,57.0,46.0,56.0,56.0,44.0,54.0,48.0,55.0,56.0,73.0,68.0,72.0,56.0,8903.0
s,s,36,25.0,s,51,12,22.0,23,34,s,s,14,19.0,s,s,44,53.0,s,s,38,24.0,93,98.0,39,45.0,s,s,36636,52306,s,s,43,882,938,1036,1229,1404,1455,1390,1398,1440,1593,1683,1837.0,1829.0,1824.0,1807.0,1777.0,1616.0,506,545,622,652,762,749,709,665,647,636,587,578,561,537,525,504,464,37,32.0,31.0,38.0,30.0,35.0,32.0,31.0,34.0,32.0,26.0,21.0,28.0,22.0,25.0,24.0,21.0,47,54.0,55.0,66.0,63.0,70.0,57.0,58.0,43.0,58.0,40.0,42.0,50.0,59.0,49.0,41.0,34.0,8904.0
s,s,24,18.0,s,5.8,0,44.0,43,38,s,s,10,10.0,s,s,37,43.0,s,s,34,17.0,100,99.0,58,69.0,s,s,69733,85413,s,s,22,253,234,234,249,258,277,296,298,313,358,435,554.0,628.0,663.0,605.0,640.0,688.0,67,66,68,72,74,81,96,74,69,65,88,99,106,114,96,91,117,5.1,3.8,9.5,6.9,9.2,6.7,5.0,11.0,5.3,7.8,2.6,5.5,5.1,5.5,2.9,4.4,2.9,28,37.0,30.0,45.0,42.0,28.0,28.0,42.0,53.0,48.0,56.0,41.0,39.0,50.0,60.0,36.0,37.0,9000.0
s,s,28,28.0,s,45,42,26.0,20,19,s,s,12,15.0,s,s,44,50.0,s,s,32,16.0,99,98.0,52,61.0,s,s,67415,60925,s,s,-9.6,998,1055,1132,1283,1452,1541,1513,1476,1563,1724,1838,2047.0,2301.0,2348.0,2260.0,2225.0,2029.0,674,731,759,777,888,948,895,823,809,838,830,838,920,908,944,897,854,26,18.0,23.0,21.0,21.0,24.0,24.0,23.0,24.0,18.0,17.0,21.0,23.0,19.0,24.0,22.0,23.0,58,46.0,56.0,74.0,77.0,76.0,67.0,65.0,57.0,47.0,42.0,72.0,62.0,81.0,97.0,100.0,90.0,9102.0
s,s,24,21.0,s,21,15,5.8,22,22,s,s,12,16.0,s,s,52,55.0,s,s,37,13.0,100,93.0,55,66.0,s,s,44382,115654,s,s,161,174,162,131,159,186,168,169,158,193,274,345,370.0,351.0,380.0,370.0,357.0,363.0,107,104,84,73,71,82,96,81,92,119,128,151,116,128,104,81,75,13,14.0,11.0,9.2,16.0,16.0,10.0,12.0,9.7,13.0,10.0,8.6,11.0,8.1,9.6,9.6,12.0,59,72.0,59.0,56.0,38.0,53.0,31.0,38.0,36.0,30.0,32.0,40.0,29.0,29.0,54.0,57.0,44.0,9201.0
s,s,25,19.0,s,37,22,23.0,15,15,s,s,11,17.0,s,s,54,65.0,s,s,34,17.0,98,100.0,64,65.0,s,s,58478,92872,s,s,59,494,488,519,597,683,712,685,706,682,782,863,1013.0,1049.0,1035.0,962.0,933.0,862.0,278,259,298,286,316,333,327,301,304,296,307,322,324,302,279,260,240,17,13.0,12.0,12.0,8.8,12.0,12.0,10.0,11.0,13.0,9.7,7.7,7.4,9.3,11.0,9.7,8.1,30,31.0,34.0,29.0,39.0,29.0,19.0,34.0,32.0,29.0,36.0,26.0,24.0,29.0,37.0,34.0,17.0,9203.0
s,s,29,41.0,s,47,56,36.0,19,32,s,s,14,28.0,s,s,44,41.0,s,s,31,20.0,98,96.0,42,42.0,s,s,46879,43912,s,s,-6.3,373,369,392,451,516,538,517,533,516,591,652,766.0,793.0,782.0,727.0,705.0,651.0,210,196,225,216,238,252,247,227,229,224,232,243,245,228,210,196,181,12,20.0,16.0,17.0,17.0,24.0,26.0,12.0,8.7,13.0,11.0,9.8,17.0,9.8,14.0,14.0,16.0,56,50.0,61.0,51.0,51.0,60.0,34.0,32.0,34.0,29.0,23.0,34.0,40.0,39.0,62.0,42.0,47.0,9204.0
s,s,14,7.9,s,12,0,7.4,11,18,s,s,12,16.0,s,s,53,59.0,s,s,17,8.0,99,99.0,90,87.0,s,s,92274,104859,s,s,14,161,193,206,224,248,277,322,299,276,341,404,476.0,539.0,532.0,472.0,474.0,424.0,82,109,123,97,120,151,165,141,100,118,114,131,149,147,109,99,77,16,15.0,16.0,16.0,13.0,20.0,17.0,20.0,18.0,12.0,9.9,11.0,12.0,12.0,9.9,13.0,12.0,75,87.0,66.0,63.0,57.0,56.0,55.0,43.0,36.0,46.0,59.0,58.0,51.0,55.0,70.0,74.0,85.0,9301.0
s,s,12,7.0,s,22,0,22.0,5.6,12,s,s,14,10.0,s,s,55,62.0,s,s,30,18.0,95,96.0,61,77.0,s,s,74415,87972,s,s,18,103,91,138,182,174,212,186,169,188,237,253,280.0,273.0,287.0,267.0,252.0,257.0,69,63,89,101,90,97,90,64,62,86,98,84,71,65,69,53,72,17,21.0,27.0,24.0,21.0,28.0,18.0,21.0,39.0,32.0,24.0,21.0,27.0,32.0,17.0,34.0,26.0,80,66.0,65.0,64.0,68.0,55.0,65.0,104.0,106.0,92.0,124.0,46.0,159.0,183.0,208.0,177.0,142.0,9302.0
s,s,7.9,12.0,s,7,1.1,8.6,11,7,s,s,10,18.0,s,s,51,51.0,s,s,21,10.0,99,99.0,81,80.0,s,s,101843,96680,s,s,-5.1,271,245,268,327,334,376,382,340,382,498,573,734.0,728.0,681.0,619.0,655.0,604.0,149,171,187,180,163,171,156,150,150,164,184,227,210,160,131,151,143,11,10.0,9.6,11.0,9.8,11.0,15.0,5.8,8.9,6.7,5.8,8.4,7.2,7.4,8.6,9.6,9.6,46,61.0,50.0,55.0,52.0,36.0,37.0,30.0,35.0,34.0,30.0,42.0,52.0,58.0,62.0,59.0,64.0,9400.0
s,s,16,23.0,s,9.7,28,12.0,10,18,s,s,32,11.0,s,s,47,50.0,s,s,20,19.0,98,98.0,65,74.0,s,s,69043,48515,s,s,-30,338,315,344,447,513,565,491,538,629,711,883,1090.0,1166.0,1199.0,1152.0,1314.0,1279.0,183,198,214,265,270,247,203,229,247,281,292,323,289,280,270,270,236,6.6,8.7,4.7,16.0,6.0,8.3,11.0,7.1,4.2,7.5,4.8,3.8,4.5,3.5,5.3,5.7,3.8,23,43.0,42.0,39.0,43.0,33.0,27.0,26.0,25.0,23.0,23.0,12.0,21.0,21.0,24.0,19.0,14.0,9501.0
s,s,7,8.9,s,6.3,9,7.6,6.9,9.4,s,s,6.8,7.1,s,s,51,56.0,s,s,8.9,3.0,99,98.0,91,91.0,s,s,103363,98659,s,s,-4.6,102,92,99,109,130,142,147,168,181,223,295,383.0,374.0,370.0,366.0,347.0,326.0,77,64,59,55,51,60,63,56,66,63,107,145,125,142,137,106,107,4.2,5.9,7.6,2.3,4.7,4.4,8.7,8.1,3.1,5.5,6.5,2.7,6.2,6.2,6.5,5.8,5.2,32,28.0,30.0,31.0,29.0,42.0,28.0,19.0,25.0,22.0,27.0,31.0,41.0,32.0,42.0,41.0,28.0,9503.0
s,s,13,12.0,s,11,2.1,9.8,17,17,s,s,14,16.0,s,s,51,47.0,s,s,22,12.0,99,100.0,79,84.0,s,s,79193,84741,s,s,7,157,157,151,186,224,236,244,255,287,348,384,465.0,502.0,469.0,448.0,444.0,381.0,103,107,103,108,111,126,120,114,134,134,139,141,144,118,116,122,104,12,12.0,8.4,9.4,8.9,18.0,14.0,14.0,11.0,9.1,8.6,11.0,11.0,9.6,7.6,6.6,8.3,35,46.0,39.0,43.0,34.0,38.0,40.0,38.0,39.0,41.0,38.0,45.0,48.0,49.0,65.0,54.0,50.0,9504.0
s,s,6.6,9.7,s,6.8,0,10.0,11,13,s,s,7.5,24.0,s,s,49,51.0,s,s,17,16.0,99,100.0,86,67.0,s,s,88602,92745,s,s,4.7,185,169,178,198,243,251,270,234,303,375,396,517.0,548.0,528.0,497.0,505.0,469.0,112,102,113,114,141,153,133,103,128,134,131,143,154,128,130,134,128,6.9,11.0,12.0,15.0,13.0,10.0,13.0,16.0,13.0,15.0,11.0,8.7,7.2,6.5,9.9,10.0,9.9,34,46.0,48.0,43.0,40.0,38.0,29.0,40.0,32.0,31.0,41.0,44.0,40.0,31.0,51.0,60.0,68.0,9505.0
s,s,13,11.0,s,25,24,10.0,6.8,12,s,s,6.2,22.0,s,s,48,45.0,s,s,18,11.0,100,99.0,79,84.0,s,s,72886,80552,s,s,11,104,100,112,103,127,119,115,125,149,190,246,302.0,306.0,318.0,280.0,289.0,259.0,54,55,72,69,77,59,58,65,68,80,80,87,94,99,88,73,72,6.4,3.8,3.9,8.4,7.8,10.0,3.9,4.0,9.3,4.0,1.3,5.4,4.0,5.4,6.0,8.1,4.7,20,22.0,26.0,23.0,25.0,15.0,12.0,19.0,17.0,17.0,18.0,18.0,20.0,17.0,17.0,18.0,17.0,9507.0
s,s,5.7,7.7,s,2.7,1.6,3.5,9.6,15,s,s,7.9,11.0,s,s,53,60.0,s,s,15,7.0,98,98.0,81,76.0,s,s,82998,86715,s,s,4.5,238,188,183,199,234,261,258,285,324,392,500,636.0,687.0,723.0,709.0,735.0,712.0,121,116,108,104,115,120,103,117,144,145,158,193,208,194,223,205,173,3.2,2.8,9.0,12.0,6.0,8.2,9.7,13.0,14.0,13.0,7.6,8.2,6.7,8.2,6.1,7.6,4.6,28,26.0,26.0,30.0,24.0,22.0,18.0,19.0,29.0,23.0,24.0,29.0,26.0,18.0,31.0,22.0,29.0,9508.0
s,s,5.7,4.3,s,15,0,4.0,2.1,9,s,s,4.8,26.0,s,s,52,51.0,s,s,25,11.0,100,99.0,90,85.0,s,s,86015,83848,s,s,-2.5,159,160,153,189,227,239,247,258,290,353,389,471.0,509.0,475.0,455.0,450.0,387.0,104,108,104,109,113,128,122,116,136,135,141,143,146,119,118,123,105,4.1,4.8,6.1,8.2,5.1,5.8,5.1,5.4,5.8,5.1,5.8,3.7,4.8,5.4,3.4,3.4,3.7,15,23.0,25.0,20.0,19.0,20.0,17.0,21.0,20.0,20.0,19.0,18.0,23.0,18.0,32.0,22.0,9.2,9509.0
s,s,28,43.0,s,43,64,21.0,13,13,s,s,21,33.0,s,s,44,36.0,s,s,31,22.0,96,99.0,65,62.0,s,s,55983,42873,s,s,-23,869,824,895,922,975,1086,1092,1041,1099,1303,1408,1557.0,1603.0,1646.0,1592.0,1590.0,1443.0,506,513,594,585,605,627,617,652,644,734,758,752,771,776,715,673,616,20,20.0,26.0,24.0,21.0,36.0,17.0,19.0,26.0,22.0,13.0,17.0,17.0,26.0,36.0,17.0,20.0,37,47.0,37.0,98.0,56.0,42.0,34.0,58.0,52.0,53.0,57.0,37.0,57.0,42.0,61.0,41.0,38.0,9601.0
s,s,33,42.0,s,34,48,13.0,59,40,s,s,14,18.0,s,s,50,52.0,s,s,35,21.0,99,98.0,51,44.0,s,s,36095,27680,s,s,-23,1091,937,980,984,1032,1098,1094,1075,1062,1136,1317,1440.0,1464.0,1617.0,1664.0,1741.0,1616.0,620,539,533,517,509,555,522,590,537,534,590,597,633,640,654,668,626,8.8,17.0,13.0,17.0,15.0,18.0,13.0,12.0,14.0,13.0,14.0,14.0,11.0,15.0,21.0,14.0,18.0,40,46.0,46.0,62.0,54.0,46.0,30.0,48.0,44.0,48.0,38.0,29.0,33.0,41.0,38.0,35.0,33.0,9602.0
s,s,21,17.0,s,27,3.3,23.0,18,10,s,s,14,20.0,s,s,46,46.0,s,s,22,20.0,98,99.0,58,61.0,s,s,57905,74601,s,s,29,403,437,457,546,609,600,690,729,872,1069,1002,1129.0,1138.0,1112.0,1114.0,1164.0,1108.0,220,236,241,288,336,325,308,364,378,425,378,357,346,292,301,329,303,21,25.0,21.0,27.0,33.0,23.0,21.0,26.0,19.0,23.0,25.0,23.0,31.0,31.0,42.0,31.0,27.0,67,65.0,60.0,82.0,78.0,45.0,51.0,48.0,54.0,49.0,52.0,45.0,82.0,86.0,124.0,95.0,119.0,9603.0
s,s,15,9.7,s,17,3.2,13.0,18,12,s,s,11,14.0,s,s,44,54.0,s,s,31,9.7,96,99.0,71,69.0,s,s,66573,70935,s,s,6.6,505,416,433,513,542,589,610,567,636,730,801,884.0,935.0,988.0,926.0,939.0,829.0,273,230,227,272,282,281,292,263,257,300,287,291,328,353,324,300,250,6.5,16.0,13.0,8.6,8.6,11.0,7.6,13.0,11.0,11.0,6.6,9.7,11.0,17.0,7.1,6.6,9.2,33,32.0,37.0,62.0,36.0,27.0,20.0,30.0,45.0,31.0,24.0,33.0,33.0,33.0,43.0,47.0,28.0,9604.0
s,s,21,39.0,s,30,50,8.7,4.8,32,s,s,16,30.0,s,s,53,43.0,s,s,30,20.0,94,94.0,59,59.0,s,s,51777,45256,s,s,-13,665,713,813,917,936,976,1015,982,1096,1241,1408,1492.0,1620.0,1639.0,1642.0,1614.0,1548.0,492,501,530,592,581,598,566,548,568,592,667,664,648,604,622,645,652,26,15.0,18.0,20.0,17.0,20.0,13.0,20.0,21.0,20.0,17.0,17.0,17.0,16.0,11.0,8.2,20.0,37,37.0,23.0,28.0,35.0,26.0,31.0,43.0,31.0,35.0,27.0,29.0,26.0,26.0,23.0,26.0,20.0,9700.0
s,s,48,40.0,s,59,56,9.7,7.5,31,s,s,28,31.0,s,s,41,42.0,s,s,42,22.0,97,97.0,52,50.0,s,s,37023,39424,s,s,6.5,1302,1170,1091,1104,1067,671,585,573,626,743,835,907.0,955.0,958.0,981.0,1012.0,1043.0,905,808,775,748,685,433,327,321,375,403,410,375,359,353,377,375,373,22,39.0,31.0,31.0,26.0,26.0,20.0,30.0,23.0,27.0,22.0,27.0,18.0,14.0,19.0,16.0,16.0,37,40.0,41.0,45.0,32.0,31.0,29.0,52.0,49.0,41.0,43.0,36.0,33.0,38.0,43.0,51.0,34.0,9801.0
s,s,41,50.0,s,47,72,32.0,7.3,23,s,s,29,32.0,s,s,33,43.0,s,s,36,23.0,93,98.0,47,45.0,s,s,42594,38328,s,s,-10,897,872,1092,1143,1098,1021,896,839,918,1003,1090,1045.0,1014.0,1101.0,1104.0,1068.0,1102.0,600,584,760,781,704,676,535,497,513,527,543,478,448,527,496,457,538,22,26.0,29.0,41.0,28.0,21.0,22.0,19.0,18.0,15.0,15.0,17.0,12.0,14.0,7.7,10.0,14.0,44,33.0,41.0,41.0,34.0,27.0,32.0,38.0,50.0,22.0,41.0,35.0,29.0,45.0,28.0,31.0,37.0,9802.0
s,s,35,45.0,s,55,61,22.0,14,34,s,s,22,29.0,s,s,48,42.0,s,s,26,16.0,96,97.0,52,55.0,s,s,44793,35437,s,s,-21,616,597,637,693,626,659,735,756,867,1010,1165,1387.0,1567.0,1710.0,1689.0,1781.0,1633.0,368,354,418,436,370,342,373,394,451,456,481,536,581,667,708,672,635,29,26.0,20.0,19.0,12.0,15.0,16.0,15.0,15.0,20.0,16.0,16.0,17.0,14.0,14.0,11.0,14.0,36,48.0,52.0,43.0,33.0,48.0,43.0,59.0,49.0,43.0,43.0,34.0,45.0,30.0,34.0,28.0,32.0,9803.0
s,s,33,35.0,s,42,51,5.3,36,11,s,s,20,28.0,s,s,46,47.0,s,s,30,17.0,96,94.0,57,57.0,s,s,47401,50396,s,s,6.3,749,684,612,557,630,685,679,742,843,927,1075,1245.0,1223.0,1217.0,1155.0,1160.0,1056.0,504,484,413,373,375,404,396,421,436,444,483,518,473,434,412,363,360,20,27.0,20.0,19.0,17.0,16.0,21.0,24.0,29.0,19.0,19.0,27.0,17.0,24.0,17.0,17.0,18.0,35,34.0,42.0,33.0,36.0,29.0,36.0,44.0,57.0,55.0,59.0,64.0,30.0,40.0,36.0,32.0,30.0,9804.0
s,s,19,34.0,s,33,57,8.1,16,23,s,s,12,25.0,s,s,49,44.0,s,s,27,12.0,94,96.0,67,58.0,s,s,67245,72131,s,s,7.3,778,635,658,695,695,736,791,866,1108,1361,1534,1718.0,1839.0,1938.0,2087.0,2337.0,2372.0,544,418,422,422,375,411,400,458,533,582,527,576,586,613,660,696,779,21,19.0,16.0,19.0,13.0,16.0,12.0,17.0,19.0,13.0,16.0,16.0,24.0,27.0,24.0,21.0,20.0,30,47.0,48.0,44.0,29.0,37.0,42.0,46.0,48.0,45.0,42.0,34.0,52.0,57.0,58.0,44.0,49.0,9807.0
s,s,41,40.0,s,48,47,41.0,35,25,s,s,22,27.0,s,s,42,59.0,s,s,41,16.0,94,99.0,49,57.0,s,s,47627,34877,s,s,-27,1125,999,984,1079,1224,1291,1281,1230,1310,1611,1838,2056.0,2208.0,2272.0,2263.0,2246.0,2108.0,738,712,702,729,805,838,747,686,735,847,892,935,987,997,982,918,904,31,33.0,33.0,30.0,26.0,23.0,21.0,28.0,27.0,32.0,28.0,27.0,24.0,23.0,21.0,15.0,14.0,32,49.0,43.0,37.0,39.0,53.0,45.0,58.0,53.0,61.0,63.0,43.0,50.0,43.0,37.0,35.0,40.0,9810.0
s,s,41,33.0,s,48,45,41.0,35,26,s,s,22,37.0,s,s,42,37.0,s,s,41,18.0,94,92.0,49,35.0,s,s,47627,31107,s,s,-35,1379,1225,1206,1324,1501,1584,1571,1509,1607,1975,2255,2521.0,2708.0,2786.0,2775.0,2754.0,2585.0,906,873,861,894,987,1028,915,841,901,1039,1094,1146,1210,1223,1204,1126,1108,28,22.0,27.0,31.0,22.0,23.0,17.0,18.0,18.0,19.0,16.0,16.0,14.0,14.0,11.0,13.0,9.9,38,28.0,38.0,44.0,45.0,31.0,42.0,39.0,37.0,33.0,30.0,28.0,28.0,34.0,19.0,20.0,23.0,9811.0
s,s,6.6,9.6,s,3.1,0,5.4,7.1,16,s,s,7.8,10.0,s,s,51,52.0,s,s,13,5.4,99,94.0,90,90.0,s,s,112544,114178,s,s,1.5,105,109,173,192,231,219,215,235,228,263,323,371.0,431.0,482.0,479.0,463.0,439.0,55,60,92,112,121,129,107,107,87,97,88,101,123,137,158,153,139,6.1,10.0,10.0,8.3,5.7,4.0,7.5,7.1,4.9,4.9,6.2,7.1,9.3,2.7,4.4,4.9,7.1,32,47.0,52.0,71.0,46.0,37.0,22.0,53.0,42.0,48.0,42.0,33.0,36.0,30.0,35.0,29.0,23.0,9901.0
s,s,13,11.0,s,18,16,12.0,12,8.3,s,s,15,16.0,s,s,44,50.0,s,s,23,16.0,99,96.0,75,80.0,s,s,73580,68732,s,s,-6.6,277,304,335,383,478,565,625,670,756,919,1117,1400.0,1532.0,1599.0,1544.0,1618.0,1575.0,150,167,195,184,215,227,240,231,291,319,333,349,350,322,319,378,385,12,17.0,12.0,14.0,12.0,12.0,9.3,11.0,11.0,10.0,7.2,10.0,13.0,16.0,13.0,8.6,11.0,39,44.0,61.0,79.0,55.0,32.0,36.0,41.0,41.0,38.0,28.0,29.0,49.0,34.0,36.0,33.0,38.0,9902.0
s,s,43,18.0,s,62,37,45.0,27,13,s,s,18,7.0,s,s,36,65.0,s,s,43,14.0,95,100.0,44,83.0,s,s,43133,62014,s,s,44,748,747,692,496,280,240,249,280,393,521,624,705.0,724.0,790.0,708.0,674.0,620.0,424,430,404,255,131,124,127,133,200,252,269,260,244,241,244,215,189,26,30.0,25.0,9.7,13.0,8.0,6.6,8.2,11.0,11.0,21.0,18.0,8.6,17.0,17.0,8.6,10.0,52,60.0,72.0,91.0,43.0,28.0,29.0,45.0,51.0,47.0,28.0,52.0,30.0,38.0,42.0,36.0,35.0,9903.0
s,s,30,35.0,s,36,46,5.4,28,24,s,s,13,19.0,s,s,53,52.0,s,s,35,19.0,90,94.0,57,54.0,s,s,40908,47752,s,s,17,559,546,570,651,745,710,668,648,669,910,1059,1203.0,1305.0,1508.0,1460.0,1430.0,1364.0,313,360,351,356,433,401,359,336,337,432,450,482,496,579,606,563,523,22,23.0,23.0,18.0,16.0,19.0,19.0,13.0,20.0,21.0,22.0,18.0,20.0,26.0,27.0,18.0,14.0,46,38.0,55.0,47.0,46.0,25.0,25.0,37.0,43.0,28.0,32.0,34.0,41.0,50.0,49.0,54.0,45.0,9904.0
s,s,34,27.0,s,49,43,14.0,31,15,s,s,19,26.0,s,s,47,51.0,s,s,40,16.0,96,96.0,52,60.0,s,s,50769,58139,s,s,15,832,826,813,914,904,974,925,897,876,1073,1377,1573.0,1608.0,1691.0,1568.0,1589.0,1437.0,515,559,517,514,535,554,500,466,448,501,607,663,641,654,624,648,618,22,25.0,18.0,16.0,14.0,14.0,20.0,12.0,12.0,15.0,14.0,14.0,13.0,23.0,11.0,16.0,14.0,37,44.0,50.0,53.0,39.0,34.0,41.0,46.0,43.0,23.0,39.0,26.0,42.0,50.0,53.0,49.0,43.0,9905.0
s,s,32,27.0,s,45,32,3.4,21,17,s,s,25,14.0,s,s,37,51.0,s,s,33,19.0,94,99.0,52,55.0,s,s,46420,44160,s,s,-4.9,414,501,564,620,702,716,751,655,613,687,771,820.0,814.0,859.0,869.0,824.0,769.0,296,352,404,407,446,394,405,332,311,317,342,349,349,332,314,279,263,18,21.0,20.0,33.0,32.0,28.0,20.0,28.0,28.0,34.0,28.0,32.0,19.0,23.0,25.0,28.0,22.0,34,27.0,35.0,59.0,44.0,33.0,30.0,52.0,54.0,53.0,50.0,51.0,48.0,46.0,52.0,42.0,33.0,9906.0
s,s,42,38.0,s,60,53,4.8,22,15,s,s,25,26.0,s,s,37,40.0,s,s,28,22.0,94,92.0,45,42.0,s,s,47717,37247,s,s,-22,1069,1016,1017,1066,1070,1204,1308,1254,1250,1403,1518,1641.0,1742.0,1826.0,1780.0,1733.0,1536.0,714,737,780,740,700,740,779,749,753,765,706,741,739,768,743,698,600,23,16.0,20.0,14.0,15.0,19.0,14.0,12.0,14.0,14.0,11.0,8.8,16.0,17.0,13.0,20.0,9.5,36,35.0,36.0,31.0,24.0,19.0,19.0,26.0,31.0,19.0,24.0,26.0,29.0,29.0,34.0,24.0,21.0,9907.0
s,s,18,13.0,s,36,0,8.2,5.9,21,s,s,4.2,3.5,s,s,63,76.0,s,s,12,4.2,97,97.0,31,45.0,s,s,57217,170532,s,s,198,83,69,82,82,72,92,166,218,240,144,119,119.0,126.0,137.0,100.0,83.0,69.0,39,40,63,48,43,42,43,37,21,25,21,8,s,s,s,s,5,48,32.0,30.0,33.0,33.0,26.0,27.0,25.0,29.0,20.0,18.0,19.0,20.0,16.0,18.0,16.0,15.0,509,418.0,358.0,238.0,211.0,168.0,153.0,182.0,223.0,178.0,133.0,127.0,152.0,139.0,185.0,157.0,169.0,10100.0
s,s,12,6.9,s,38,30,6.5,8.8,3.1,s,s,4.5,5.2,s,s,71,75.0,s,s,5.4,5.3,98,97.0,68,66.0,s,s,115685,138594,s,s,20,50,47,62,54,77,64,56,54,61,56,74,77.0,77.0,83.0,62.0,69.0,63.0,23,23,31,30,32,27,16,15,17,16,15,11,11,10,5,s,s,15,21.0,20.0,20.0,17.0,16.0,24.0,21.0,18.0,14.0,12.0,18.0,10.0,13.0,9.9,15.0,9.5,146,154.0,97.0,88.0,96.0,104.0,116.0,90.0,92.0,95.0,79.0,81.0,94.0,91.0,106.0,108.0,105.0,10200.0
s,s,13,22.0,s,16,24,9.9,16,14,s,s,6.3,16.0,s,s,71,52.0,s,s,18,13.0,97,99.0,80,70.0,s,s,98687,72147,s,s,-27,191,185,161,173,196,213,232,250,264,324,365,421.0,484.0,513.0,495.0,482.0,478.0,105,97,85,81,98,89,97,109,107,125,128,125,153,148,146,142,153,8.2,6.6,10.0,12.0,10.0,8.5,12.0,10.0,9.4,9.9,8.2,8.2,4.7,7.2,3.5,5.6,3.1,31,38.0,35.0,38.0,34.0,36.0,27.0,32.0,33.0,28.0,27.0,29.0,19.0,26.0,32.0,24.0,25.0,10300.0
s,s,27,31.0,s,44,47,13.0,4.3,13,s,s,21,17.0,s,s,41,46.0,s,s,41,17.0,93,95.0,61,61.0,s,s,60487,53580,s,s,-11,900,909,1014,1118,1239,1330,1452,1527,1599,1868,2114,2329.0,2418.0,2569.0,2602.0,2514.0,2342.0,554,602,631,687,767,740,646,657,679,722,785,794,796,828,868,802,717,29,32.0,33.0,28.0,26.0,25.0,25.0,36.0,33.0,33.0,28.0,34.0,31.0,36.0,30.0,33.0,23.0,37,44.0,54.0,45.0,41.0,42.0,49.0,51.0,60.0,51.0,57.0,73.0,50.0,63.0,60.0,49.0,46.0,10400.0
s,s,23,12.0,s,49,15,8.1,2.2,4.1,s,s,12,9.3,s,s,66,71.0,s,s,16,7.2,99,97.0,54,52.0,s,s,63027,108240,s,s,72,530,532,579,612,694,660,614,562,569,641,720,790.0,838.0,810.0,799.0,773.0,718.0,292,272,266,270,319,315,282,261,255,257,290,291,298,320,311,284,275,25,20.0,16.0,17.0,16.0,15.0,16.0,19.0,11.0,12.0,9.1,7.9,8.2,6.7,4.7,5.9,6.5,73,77.0,67.0,59.0,43.0,38.0,49.0,35.0,23.0,21.0,22.0,27.0,32.0,33.0,31.0,33.0,34.0,10500.0
s,s,25,15.0,s,29,19,32.0,23,24,s,s,18,6.2,s,s,48,77.0,s,s,33,5.1,97,96.0,65,66.0,s,s,63807,146769,s,s,130,928,844,977,1087,1308,1185,922,961,941,1221,1182,1140.0,1047.0,1068.0,959.0,850.0,662.0,492,460,468,436,444,408,328,257,231,284,292,254,232,210,210,173,158,58,56.0,53.0,53.0,53.0,35.0,32.0,43.0,39.0,38.0,31.0,34.0,33.0,21.0,21.0,22.0,20.0,176,165.0,143.0,147.0,177.0,124.0,161.0,159.0,132.0,125.0,97.0,112.0,147.0,136.0,147.0,132.0,132.0,10600.0
s,s,13,20.0,s,0,0,13.0,14,0.7,s,s,2.2,3.5,s,s,74,71.0,s,s,3,5.2,99,99.0,40,37.0,s,s,161670,126592,s,s,-22,6,5,s,7,s,s,6,7,6,7,8,13.0,21.0,18.0,12.0,12.0,13.0,0,0,0,s,0,s,s,0,0,0,s,6,8,8,s,s,s,70,68.0,60.0,67.0,60.0,48.0,56.0,44.0,46.0,39.0,41.0,60.0,40.0,36.0,29.0,34.0,32.0,1087,884.0,797.0,671.0,493.0,527.0,422.0,387.0,447.0,426.0,403.0,383.0,411.0,369.0,404.0,442.0,391.0,10700.0
s,s,54,38.0,s,56,i,7.3,17,0.8,s,s,60,8.6,s,s,31,37.0,s,s,3.8,3.4,99,97.0,24,22.0,s,s,40019,46784,s,s,17,11,6,10,s,16,14,10,36,49,39,45,48.0,37.0,41.0,11.0,11.0,7.0,s,s,0,0,7,5,s,23,27,19,25,33,27,24,11,0,s,6.1,5.8,3.6,3.0,3.5,2.1,1.6,1.4,3.5,2.9,2.8,4.5,2.2,1.6,2.7,2.7,1.9,78,54.0,50.0,47.0,34.0,43.0,34.0,27.0,30.0,24.0,24.0,28.0,33.0,28.0,36.0,38.0,30.0,10800.0
s,s,38,49.0,s,41,50,20.0,22,15,s,s,34,27.0,s,s,44,38.0,s,s,30,20.0,95,95.0,48,40.0,s,s,44126,38243,s,s,-13,637,673,728,844,750,806,927,1100,1050,1178,1408,1531.0,1570.0,1675.0,1704.0,1593.0,1612.0,406,510,561,609,488,479,464,585,547,530,594,600,606,611,660,623,703,23,17.0,19.0,15.0,15.0,14.0,14.0,27.0,17.0,19.0,15.0,14.0,12.0,12.0,12.0,13.0,9.0,44,63.0,58.0,48.0,38.0,44.0,54.0,61.0,63.0,74.0,63.0,37.0,35.0,22.0,30.0,27.0,24.0,10900.0
s,s,15,3.7,s,29,0,7.0,7.4,2.2,s,s,7.5,3.5,s,s,57,73.0,s,s,15,0.7,98,98.0,73,72.0,s,s,73628,131969,s,s,79,71,62,75,134,161,154,146,134,175,197,226,222.0,224.0,209.0,197.0,198.0,167.0,38,37,40,67,81,80,73,66,77,78,77,73,67,58,49,43,26,3.4,3.1,3.7,6.6,4.0,3.7,4.3,9.3,6.4,3.0,5.1,5.9,3.0,2.4,1.6,3.0,4.3,19,17.0,18.0,15.0,11.0,16.0,13.0,15.0,15.0,16.0,13.0,15.0,16.0,16.0,13.0,13.0,18.0,11000.0
s,s,16,21.0,s,21,6.1,12.0,12,23,s,s,15,15.0,s,s,44,51.0,s,s,27,20.0,99,97.0,82,86.0,s,s,75652,101837,s,s,35,582,493,549,659,817,812,730,743,874,1054,1139,1331.0,1443.0,1468.0,1436.0,1418.0,1363.0,293,256,313,323,433,420,356,329,339,345,365,374,398,432,441,431,425,23,26.0,21.0,30.0,19.0,26.0,17.0,20.0,13.0,17.0,19.0,17.0,20.0,14.0,14.0,14.0,15.0,93,108.0,89.0,89.0,79.0,94.0,66.0,86.0,62.0,75.0,74.0,78.0,81.0,82.0,95.0,104.0,68.0,11100.0
,,,,,,,,,,,,,,,,,,,,,,,,,,,,,,,,,,,,,,,,,,,,,,,,,,,,,,,,,,,,,,,,,,,,,,,,,,,,,,,,,,,,,,,,,,,,,,,,,,,,,
