GEO2010,PctPoorPersons_1980,PctPoorPersons_1990,PctPoorPersons_2000,PctPoorPersons_2011_15,PctPoorChildren_1990,PctPoorChildren_2000,PctPoorChildren_2011_15,PctPoorElderly_1990,PctPoorElderly_2000,PctPoorElderly_2011_15,PctUnemployed_1980,PctUnemployed_1990,PctUnemployed_2000,PctUnemployed_2011_15,Pct16andOverEmployed_1980,Pct16andOverEmployed_1990,Pct16andOverEmployed_2000,Pct16andOverEmployed_2011_15,Pct25andOverWoutHS_1980,Pct25andOverWoutHS_1990,Pct25andOverWoutHS_2000,Pct25andOverWoutHS_2011_15,PctHshldPhone_2000,PctHshldPhone_2011_15,PctHshldCar_2000,PctHshldCar_2011_15,AvgFamilyIncAdj_1980,AvgFamilyIncAdj_1990,AvgFamilyIncAdj_2000,AvgFamilyIncAdj_2011_15,PctChgAvgFamilyIncAdj_1980_1990,PctChgAvgFamilyIncAdj_1990_2000,PctChgAvgFamilyIncA_2000_2011_15,fs_client_2000,fs_client_2001,fs_client_2002,fs_client_2003,fs_client_2004,fs_client_2005,fs_client_2006,fs_client_2007,fs_client_2008,fs_client_2009,fs_client_2010,fs_client_2011,fs_client_2012,fs_client_2013,fs_client_2014,fs_client_2015,fs_client_2016,tanf_client_2000,tanf_client_2001,tanf_client_2002,tanf_client_2003,tanf_client_2004,tanf_client_2005,tanf_client_2006,tanf_client_2007,tanf_client_2008,tanf_client_2009,tanf_client_2010,tanf_client_2011,tanf_client_2012,tanf_client_2013,tanf_client_2014,tanf_client_2015,tanf_client_2016,Rate_crimes_pt1_violent_2000,Rate_crimes_pt1_violent_2001,Rate_crimes_pt1_violent_2002,Rate_crimes_pt1_violent_2003,Rate_crimes_pt1_violent_2004,Rate_crimes_pt1_violent_2005,Rate_crimes_pt1_violent_2006,Rate_crimes_pt1_violent_2007,Rate_crimes_pt1_violent_2008,Rate_crimes_pt1_violent_2009,Rate_crimes_pt1_violent_2010,Rate_crimes_pt1_violent_2011,Rate_crimes_pt1_violent_2012,Rate_crimes_pt1_violent_2013,Rate_crimes_pt1_violent_2014,Rate_crimes_pt1_violent_2015,Rate_crimes_pt1_violent_2016,Rate_crimes_pt1_property_2000,Rate_crimes_pt1_property_2001,Rate_crimes_pt1_property_2002,Rate_crimes_pt1_property_2003,Rate_crimes_pt1_property_2004,Rate_crimes_pt1_property_2005,Rate_crimes_pt1_property_2006,Rate_crimes_pt1_property_2007,Rate_crimes_pt1_property_2008,Rate_crimes_pt1_property_2009,Rate_crimes_pt1_property_2010,Rate_crimes_pt1_property_2011,Rate_crimes_pt1_property_2012,Rate_crimes_pt1_property_2013,Rate_crimes_pt1_property_2014,Rate_crimes_pt1_property_2015,Rate_crimes_pt1_property_2016
Tract 1,s,s,5.2,3.6,s,2.6,0,9.6,2.2,2.6,s,s,1.9,4.2,s,s,72,74,s,s,1.9,0,100,98,79,73,s,s,363441,370028,s,s,1.8,5,8,6,5,6,6,6,10,9,13,16,27,25,24,24,18,0,0,s,s,s,s,0,0,s,s,s,s,s,s,s,s,s,0,12,11,11,11,8.6,8.2,10,8.7,6,6.8,8.6,6.5,4.5,4.5,3.7,3.7,4.9,89,86,71,83,78,87,64,69,73,79,65,77,71,79,79,76,70
Tract 2.01,s,s,71,78,s,i,i,23,100,0,s,s,3.9,7.3,s,s,52,34,s,s,14,0,100,100,67,100,s,s,i,i,s,s,i,s,s,s,s,s,s,s,7,s,s,s,11,10,8,8,8,0,s,0,s,s,s,s,0,s,0,0,s,s,s,s,s,s,0,1.3,1.1,0.9,0.7,1.7,1.2,2.4,1,0,0.3,0.8,0.8,0.3,0.3,0.5,0.5,0.3,22,20,15,10,18,17,13,11,8.4,8.3,12,17,12,9.4,8.7,7.9,1.3
Tract 2.02,s,s,24,23,s,6.5,2.2,13,2.3,4.2,s,s,0.5,4.4,s,s,68,53,s,s,1.4,1.7,100,97,81,79,s,s,291328,269670,s,s,-7.4,s,s,s,s,s,5,s,7,s,s,s,8,7,6,6,9,0,s,0,s,s,s,s,0,s,0,0,s,s,s,s,s,s,0,13,12,12,9.7,11,8,8.1,13,7.6,5.9,8.5,5.9,4.6,4.6,5.7,4.2,4.2,101,100,84,71,75,71,74,79,80,70,62,67,83,81,97,101,94
Tract 3,s,s,16,15,s,12,0,5,0,8.5,s,s,2.1,3.2,s,s,73,76,s,s,1.9,3.7,100,96,88,83,s,s,166990,208149,s,s,25,18,19,22,18,15,21,19,20,23,38,43,42,57,44,58,54,0,7,7,6,s,s,8,s,s,6,10,8,6,s,s,s,s,0,1.7,2.2,1.5,2,1.7,2,1.5,1.8,1.8,1.9,1.8,1.9,1.3,1,1.1,1,1.4,19,25,15,18,14,15,16,23,26,21,24,15,17,18,24,23,20
Tract 4,s,s,3,9.9,s,0,6,7.8,0,2.4,s,s,0.4,2.2,s,s,64,61,s,s,0.9,2.4,100,100,94,88,s,s,463490,446630,s,s,-3.6,10,6,8,6,6,9,12,11,6,7,s,10,7,11,7,8,0,0,0,0,0,0,0,s,s,0,0,0,s,s,s,s,s,0,4,6,2.7,3.4,3.4,4.1,0.7,7.5,4.8,2.7,5.5,4.8,1.4,0,0.7,4.1,1.4,64,56,32,37,36,44,48,54,49,65,59,68,38,25,43,40,36
Tract 5.01,s,s,6,6.4,s,0,17,14,3.4,0,s,s,3.6,2.3,s,s,78,82,s,s,5.5,1.7,100,100,69,62,s,s,167285,226260,s,s,35,s,s,6,8,11,7,6,14,9,6,s,9,5,7,6,10,0,0,0,0,s,0,0,s,s,s,0,0,0,0,0,0,0,0,2.9,8.1,4.1,3,3,4.2,2.6,3.4,2.5,3.3,2.4,3.9,3.3,2.7,1.8,1.2,1.5,45,39,40,39,28,27,17,19,23,21,15,28,24,19,19,17,29
Tract 5.02,s,s,4.3,2.1,s,0,0,1.6,6.3,2.3,s,s,1.3,2,s,s,80,79,s,s,4.7,2.8,100,99,78,74,s,s,217361,277048,s,s,27,7,5,5,8,10,10,9,8,7,16,23,16,16,18,24,26,0,s,s,s,5,s,s,0,0,0,0,s,s,s,s,s,0,0,3.6,4.6,3.2,1.6,4.2,2.9,4.5,1.6,2.8,1.6,2.5,1.3,2.5,1.6,3.1,0.9,0.9,55,36,35,40,32,24,29,21,28,34,21,18,27,20,19,26,23
Tract 6,s,s,4.8,8.9,s,0.9,7.3,6.3,4.8,0,s,s,0.9,3,s,s,63,71,s,s,13,2.1,99,99,81,81,s,s,294290,300585,s,s,2.1,21,22,21,14,17,20,17,10,13,10,20,27,32,36,41,37,0,5,8,9,6,5,s,s,0,0,s,6,s,0,s,s,0,0,2.6,3,2.7,2.7,1.3,1.5,1.5,1.3,1.7,2.4,1.8,3.1,2,1.8,1.3,0.4,1.8,32,33,29,36,26,22,21,26,32,34,33,31,33,24,25,34,26
Tract 7.01,s,s,5.8,9.9,s,0,9.2,2.6,4.1,5.8,s,s,3.9,3.9,s,s,64,64,s,s,4,3.4,100,96,76,79,s,s,180070,169323,s,s,-6,18,12,17,14,16,15,15,11,16,27,39,52,65,71,68,70,0,5,s,s,s,5,s,s,s,5,5,0,s,8,5,0,0,0,1.6,0.5,2,0.4,0.7,0.7,0.4,0.4,0.2,0.7,0.2,0.2,0.6,0.2,0.2,0.4,0.9,21,21,16,15,17,19,16,10,11,9.6,13,9.3,17,17,14,10,8.7
Tract 7.02,s,s,19,12,s,24,0,1.9,14,0,s,s,2.9,4,s,s,74,79,s,s,4.4,1,100,93,67,69,s,s,91471,121984,s,s,33,23,20,18,16,24,22,28,24,24,31,35,35,42,44,47,50,0,7,7,s,s,s,s,7,7,5,7,s,s,0,s,s,6,0,1.8,1.8,0.9,0.9,0.6,0,0.3,0,0.6,1.2,0.3,0.9,0.3,0.3,0.9,0,0.3,9.8,13,10,11,12,11,11,3.9,7.8,10,13,7.4,9.2,5.4,9.5,15,10
Tract 8.01,s,s,7.4,14,s,3.9,3.7,2.4,0.5,2.6,s,s,20,5.1,s,s,56,55,s,s,1.7,1.6,99,98,85,88,s,s,270493,358332,s,s,32,11,10,9,12,13,12,9,9,9,12,15,26,43,41,42,35,0,6,s,s,s,s,s,0,0,0,0,s,s,5,7,s,s,0,0.7,1,0.4,0,0.4,0.3,0.3,0.4,0.1,0.4,0.3,0.3,0.6,0.3,0.3,0.3,0.3,15,15,14,11,10,9.7,9.7,9.7,13,12,11,13,11,12,14,16,13
Tract 8.02,s,s,13,14,s,5.7,1.1,3,3.3,0,s,s,1.5,4.2,s,s,70,65,s,s,2,3.2,100,94,93,90,s,s,226981,245661,s,s,8.2,s,s,5,5,5,6,s,s,s,5,7,14,14,20,21,23,0,s,0,0,0,0,s,0,0,0,0,0,s,0,0,0,0,0,1.1,1.4,3.2,2.5,0.7,1.8,0.7,1.8,0.4,1.7,1.7,1.4,1.4,1,0,0,0.7,31,16,14,33,13,12,14,14,19,19,31,16,13,14,10,8.7,14
Tract 9.01,s,s,4.4,11,s,0,1.7,0,1.4,2.3,s,s,59,9.6,s,s,33,38,s,s,1.9,2.3,100,99,97,92,s,s,416548,393274,s,s,-5.6,5,s,s,s,s,s,s,s,s,s,s,7,16,15,15,22,0,s,s,s,s,s,s,0,0,0,0,0,s,s,s,s,0,0,1,1.5,0.7,0.3,0.6,0.3,1.3,0.3,0.4,0.3,0.1,0.1,0.1,0.3,0.3,0.7,0.8,21,19,17,17,12,12,9.2,10,7.9,9.2,9.8,9.6,9.5,14,9.6,8.5,8.5
Tract 9.02,s,s,3.2,1.7,s,2.1,0.7,7.2,0,0.3,s,s,0.8,2,s,s,74,73,s,s,3,1.3,100,99,95,98,s,s,288079,351946,s,s,22,s,s,0,s,s,s,s,s,s,5,s,6,18,18,12,15,0,0,s,0,0,0,0,0,0,0,0,0,s,8,8,s,s,0,0.5,0.5,0,0.5,0.5,0,0.5,0.5,1,0,0.5,0,0.5,0,0.5,1.4,1,17,13,9,14,9.4,12,9.8,14,9.2,17,15,8.6,9.1,16,8.6,8.6,15
Tract 10.01,s,s,4.6,4.7,s,1.4,0.9,5.2,3.4,4,s,s,2.8,2.3,s,s,72,63,s,s,3.4,1.1,100,100,87,88,s,s,229532,199554,s,s,-13,10,11,11,10,11,19,22,19,20,28,38,46,34,41,45,57,66,0,0,0,0,0,s,s,0,0,0,0,s,6,s,s,s,s,4,4.4,4.3,3.6,3.2,3,1.6,4.4,2.8,3.4,3.1,3.4,2,1.5,1.6,1.6,2.3,41,38,35,36,33,29,26,53,61,54,48,48,44,59,52,50,44
Tract 10.02,s,s,18,28,s,8.5,0,5.7,0,9.8,s,s,2.5,5,s,s,71,72,s,s,1.9,4.7,99,96,76,76,s,s,107459,159898,s,s,49,10,7,7,11,14,8,6,6,6,19,20,22,21,19,17,22,24,s,s,s,7,9,0,s,s,s,s,s,s,s,s,s,s,s,3.2,2.9,2,0.6,2.6,1.7,1.4,1.2,2,0.9,0.9,2.3,0.6,1.5,1.2,1.7,1.2,33,30,24,22,30,25,18,19,22,24,17,16,18,13,14,16,12
Tract 11,s,s,2,4,s,0,0,7.9,10,0,s,s,1.3,3.5,s,s,73,66,s,s,4.4,0.7,99,99,88,86,s,s,259148,255862,s,s,-1.3,34,28,32,29,34,36,47,49,45,53,64,74,83,92,87,108,101,s,0,8,s,0,0,s,s,8,8,7,11,6,7,9,5,6,7.2,9.4,8.7,6.8,5.7,4.8,7.8,5.1,3.2,4.4,5.4,2.5,3.1,3.1,4.4,4.4,5,76,62,68,76,73,56,44,33,43,52,40,36,54,71,56,53,44
Tract 12,s,s,7.2,5.2,s,3.7,0,3,9,9.4,s,s,1.6,1.6,s,s,79,75,s,s,4.6,2.2,100,99,77,68,s,s,196731,192444,s,s,-2.2,10,12,16,20,18,13,18,23,20,35,37,34,47,53,39,47,67,0,5,8,5,s,s,s,6,s,s,9,6,13,9,7,8,8,2.9,3.1,1.2,1.8,0.6,0.8,0.6,2,2,3,1.4,1.4,2.2,0.6,2.2,2,1.4,19,22,23,17,18,18,12,25,26,24,20,24,29,27,36,37,26
Tract 13.01,s,s,8.1,6.4,s,4.4,6.1,5.7,1.8,0,s,s,1,3.4,s,s,72,79,s,s,1.9,1.3,100,98,82,74,s,s,304427,282980,s,s,-7,5,s,5,7,11,10,15,9,11,17,21,27,20,22,29,28,26,0,0,0,0,s,0,0,5,s,6,s,10,5,6,7,s,8,0.5,1.9,1.8,0.3,0.3,1.6,1.3,0.8,1,0.3,0.8,0.3,0,0.3,0.3,0,0,22,21,14,24,25,15,14,20,16,16,9.1,16,9.1,7.6,7.1,10,6.3
Tract 13.02,s,s,4.3,11,s,3.7,5.2,3.1,5.1,6.8,s,s,2.1,3.6,s,s,75,77,s,s,1.6,0.8,99,97,67,63,s,s,170395,194520,s,s,14,14,16,17,10,13,13,18,17,16,16,21,37,38,36,43,46,36,s,s,s,s,s,s,s,s,s,s,0,0,0,0,0,0,0,3.3,4.8,4,2,2.3,3,2.6,1.2,1.3,1.6,2.2,0.7,0.4,1.3,0.6,0.6,0.4,44,33,35,40,30,26,24,17,18,20,18,18,7.4,12,12,12,8.5
Tract 14.01,s,s,3.4,7.4,s,1.4,0.8,2.9,2.4,6.7,s,s,3.9,4.7,s,s,73,66,s,s,4.2,2.4,100,96,79,78,s,s,268291,285034,s,s,6.2,20,15,13,16,19,20,23,16,17,20,32,31,40,50,47,52,51,0,0,0,s,s,s,s,s,s,s,s,s,s,s,s,s,s,3.2,4.1,2.6,2.6,2.6,0.6,1.6,0.3,1.3,0.6,1,0.3,1.3,0.6,1.3,0.6,0.3,24,25,21,27,22,17,16,11,11,18,16,17,15,28,17,12,14
Tract 14.02,s,s,13,9.7,s,4,6.2,21,33,3,s,s,1.9,3.1,s,s,43,68,s,s,17,9.5,97,99,74,75,s,s,161698,237377,s,s,47,19,13,12,15,18,19,21,15,16,19,30,29,37,47,44,48,48,0,0,0,s,s,s,s,s,s,s,s,s,s,s,s,s,s,1,1.8,2.4,1.6,2.5,1.7,1.2,0.9,0.9,1,1.3,2.7,0.7,0.3,0.7,0.3,0.3,20,16,19,21,17,18,14,12,17,20,17,16,19,23,12,15,16
Tract 15,s,s,1.6,1.7,s,0,0.8,3.8,3.8,0,s,s,1.8,2.8,s,s,63,65,s,s,2.1,1.1,100,99,91,98,s,s,212200,242619,s,s,14,0,7,5,5,8,s,s,6,5,7,12,22,25,24,16,26,14,s,s,s,0,s,0,0,s,0,0,0,s,s,6,s,6,0,0.5,0.7,0,0.3,0.5,0.2,0.5,0.2,0.3,0,0.3,1.2,0.2,0,0.8,0.2,0.5,15,16,14,16,10,13,8.4,11,9.7,18,14,11,9.8,14,21,12,14
Tract 16,s,s,4.9,3.9,s,6.9,1.1,3.8,5.6,6.4,s,s,3.9,8.5,s,s,63,62,s,s,3.8,2.3,99,97,90,97,s,s,184793,208653,s,s,13,63,58,64,73,78,94,93,102,103,154,181,204,209,203,198,216,184,29,27,31,34,36,54,33,37,37,42,44,56,51,56,65,60,50,5,5.2,2.5,5.2,4.2,5.3,5.3,6,6.8,3,4.8,2.8,5.6,5.3,3.5,3,5.3,37,42,43,45,28,31,27,35,35,44,35,34,50,38,56,45,34
Tract 17.02,s,s,4.3,9,s,2.2,18,3.9,4.4,1.8,s,s,5.8,8.4,s,s,58,73,s,s,15,11,100,99,86,93,s,s,101129,135451,s,s,34,156,152,130,135,158,173,192,192,193,235,262,308,347,362,342,334,306,87,79,67,65,78,71,77,81,75,90,101,94,107,99,100,98,92,13,13,18,16,19,13,14,20,14,13,7.2,7.6,7.6,6.8,7.2,6.1,11,80,89,82,69,64,54,40,49,52,58,60,61,60,65,106,88,66
Tract 18.03,s,s,12,13,s,12,13,16,20,17,s,s,8.8,7,s,s,60,67,s,s,24,18,99,96,64,72,s,s,79550,85507,s,s,7.5,180,178,149,192,208,215,251,258,286,424,550,693,832,877,857,917,943,81,77,55,66,68,77,86,77,103,128,153,150,198,173,185,185,173,4.6,5.1,8.6,18,8.6,8.2,5.7,13,5,6.6,6,4,8.5,3.1,4.8,7.4,6,34,35,44,40,29,25,20,20,20,14,12,12,18,25,32,16,16
Tract 18.04,s,s,17,16,s,27,25,11,10,15,s,s,7.2,9.9,s,s,61,62,s,s,29,23,97,99,64,74,s,s,69454,60139,s,s,-13,299,311,333,383,423,447,504,461,505,624,902,1219,1382,1351,1235,1367,1357,141,149,179,187,178,202,246,187,197,227,240,296,322,301,293,295,263,7.7,9.6,13,14,12,10,11,18,14,13,9.2,7.6,13,10,8.5,14,9.4,30,38,40,36,40,27,21,33,36,29,28,28,33,39,80,79,58
Tract 19.01,s,s,11,11,s,18,19,7.6,8.8,18,s,s,5.1,9.2,s,s,56,60,s,s,26,7.2,99,97,81,84,s,s,90304,92596,s,s,2.5,298,275,275,311,366,403,430,481,535,643,750,879,938,911,892,886,758,164,178,186,167,179,172,168,179,194,205,235,264,271,243,235,242,191,13,6,9.5,13,12,9.5,9,7,9,12,9.2,8,11,9,7,8.7,5,33,31,41,38,28,36,21,23,25,25,28,33,32,31,40,45,40
Tract 19.02,s,s,8.8,8.5,s,12,25,11,2.8,6,s,s,6.7,7.6,s,s,53,63,s,s,15,10,99,98,79,89,s,s,98017,103721,s,s,5.8,158,139,142,160,192,192,170,160,192,254,327,351,333,337,325,292,281,79,74,83,98,106,87,72,80,91,87,103,113,111,101,87,77,76,6.9,5.9,7.9,13,11,15,12,12,8.1,11,7.6,12,7.6,10,6.1,3.6,3.6,45,50,62,58,38,44,49,40,49,50,55,59,29,59,46,49,37
Tract 20.01,s,s,17,6.8,s,15,3.1,23,20,13,s,s,3,7.5,s,s,56,62,s,s,26,21,97,96,61,68,s,s,106284,129112,s,s,21,175,184,140,188,199,189,189,210,218,302,392,459,498,535,516,531,516,81,95,75,86,103,92,71,66,79,109,114,123,128,113,84,79,79,7.6,4.9,7.7,13,16,11,10,14,14,8.1,9.8,3.8,7.3,8.5,8.5,6.8,7.3,30,38,48,40,40,50,33,33,30,23,32,33,31,30,37,26,27
Tract 20.02,s,s,9.6,13,s,11,18,16,12,6,s,s,7.2,11,s,s,56,65,s,s,23,14,100,99,76,85,s,s,100676,121171,s,s,20,321,273,279,295,309,375,362,356,413,554,714,826,882,883,813,783,729,148,133,131,145,138,160,137,132,146,184,208,196,193,195,154,150,145,11,5.9,10,17,15,12,9.5,17,15,14,12,7.9,17,11,18,19,13,57,43,47,47,54,44,30,47,40,34,31,38,47,53,66,52,48
Tract 21.01,s,s,20,15,s,31,30,15,16,12,s,s,8.6,10,s,s,52,65,s,s,29,19,99,98,64,63,s,s,66317,73855,s,s,11,698,662,623,668,775,822,865,829,885,1233,1461,1670,1822,1830,1698,1785,1530,361,387,394,366,418,400,428,393,413,470,501,516,594,576,497,496,428,15,12,14,21,19,13,13,18,16,16,17,12,15,13,11,14,7.3,46,32,35,32,31,41,36,32,23,29,31,30,27,29,30,27,25
Tract 21.02,s,s,9.1,18,s,9.9,35,12,8.1,17,s,s,11,11,s,s,52,61,s,s,24,7.1,99,95,65,74,s,s,71034,85625,s,s,21,545,468,510,610,629,647,669,670,740,872,1091,1256,1305,1347,1170,1198,1109,320,300,312,340,331,313,306,298,315,365,403,417,405,379,311,260,259,12,14,13,14,11,12,12,9.9,12,10,11,8,11,8.6,9,7.5,5.6,39,43,48,35,35,32,36,34,28,28,34,32,28,36,38,39,24
Tract 22.01,s,s,13,7.9,s,18,0,17,19,16,s,s,5.3,14,s,s,54,62,s,s,31,13,99,98,73,80,s,s,79189,108112,s,s,37,368,357,369,384,406,446,466,498,512,642,780,952,952,942,906,873,763,215,208,228,219,232,244,246,214,200,230,250,296,305,273,252,241,229,8.6,7.7,8.3,13,8.6,11,9.2,18,14,13,15,7,10,10,9.9,5.2,5.8,33,32,34,33,27,25,22,31,26,22,20,25,17,32,19,20,18
Tract 22.02,s,s,15,26,s,21,33,16,11,21,s,s,8.4,15,s,s,53,56,s,s,29,18,97,93,66,65,s,s,69270,71453,s,s,3.2,527,499,452,450,460,513,522,508,592,697,900,1034,1149,1154,1099,1074,983,270,277,274,243,224,243,236,212,251,262,311,355,362,383,345,262,228,6.3,8.9,12,11,8.9,14,11,13,13,14,12,8.4,10,12,12,12,8.4,26,24,46,33,21,23,19,24,26,26,27,18,28,27,26,24,17
Tract 23.01,s,s,18,10,s,32,12,22,15,4.1,s,s,9.3,7.9,s,s,52,68,s,s,30,12,98,99,71,82,s,s,98093,109510,s,s,12,435,384,418,428,441,445,466,409,489,566,633,721,752,781,704,735,647,262,236,274,254,251,240,235,191,202,204,172,184,208,186,155,169,144,7.4,4.3,12,9.4,6.4,7.4,8,9.1,7.7,8.1,8.7,5,4.4,8.1,5.7,4.4,4,31,34,43,34,32,38,22,19,19,26,22,19,18,21,23,24,15
Tract 23.02,s,s,24,24,s,11,0,31,0,27,s,s,4.2,2.5,s,s,49,48,s,s,12,6.7,98,74,88,63,s,s,71388,90985,s,s,27,25,24,25,30,27,50,64,68,49,45,67,60,61,68,69,80,62,11,8,5,13,6,17,10,11,15,12,15,17,16,19,17,26,21,5.2,7.8,7.4,9.7,9.9,11,5.1,3.3,11,4.1,4.9,3.4,4.4,5.4,6.4,5.4,4.4,71,102,88,87,69,79,52,65,67,42,31,29,30,41,40,34,24
Tract 24,s,s,15,7.8,s,20,3.9,12,16,9.9,s,s,12,10,s,s,49,65,s,s,32,11,96,97,68,77,s,s,68809,101198,s,s,47,448,396,369,473,503,497,525,575,544,708,834,913,933,900,775,753,651,241,199,241,263,286,275,248,235,220,268,314,288,314,290,236,217,195,14,11,15,16,17,17,17,22,23,22,19,12,10,13,11,6.4,6.4,40,38,53,42,33,27,34,51,39,45,49,32,40,47,39,32,28
Tract 25.01,s,s,13,23,s,9,30,14,19,47,s,s,8.4,9.9,s,s,56,59,s,s,31,21,98,98,67,66,s,s,112832,112254,s,s,-0.5,242,247,228,259,297,281,306,311,311,394,478,563,631,615,547,541,534,102,104,87,95,123,105,115,108,95,105,116,138,155,139,127,122,127,15,8.8,14,17,19,9.3,17,20,13,15,12,6.3,9.8,14,7.4,11,11,39,55,50,39,38,37,29,36,33,29,27,32,42,47,54,49,34
Tract 25.02,s,s,19,15,s,26,23,14,8.1,11,s,s,6.7,5.9,s,s,55,75,s,s,43,22,97,99,55,57,s,s,58426,116622,s,s,100,610,510,550,609,642,700,700,681,672,938,1271,1556,1767,1806,1596,1660,1526,346,305,310,295,287,351,308,254,249,285,350,354,399,386,342,304,259,18,12,15,15,15,20,16,15,17,16,13,16,14,16,13,11,9.2,48,40,48,40,42,31,34,32,31,30,33,38,41,51,60,58,65
Tract 26,s,s,8.5,5.1,s,9.4,2.2,5.1,7.8,4.7,s,s,5.8,7.4,s,s,55,65,s,s,6.1,3.2,100,99,86,89,s,s,186242,196308,s,s,5.4,29,24,16,31,43,45,44,41,42,71,79,76,88,81,79,82,85,19,13,7,12,13,12,18,16,8,12,10,18,12,11,11,10,10,5.9,5.9,5.9,5,3.2,2.8,3.2,3.7,2.3,4.1,2.8,2.3,4.6,2.3,2.3,3.7,3.2,60,41,64,49,42,37,37,30,44,44,34,44,48,40,57,40,35
Tract 27.01,s,s,17,16,s,35,27,7.4,12,22,s,s,5.9,7,s,s,67,72,s,s,27,9.3,98,95,56,45,s,s,84109,106776,s,s,27,263,225,229,227,239,215,220,241,235,334,417,510,517,552,511,511,545,76,88,93,99,94,71,67,85,61,82,97,97,108,86,81,85,103,6.8,4.6,5.1,6.8,5.8,5.8,5.3,5.4,3.4,5.3,3.2,3.4,3.1,7.8,3.1,3.6,3.6,31,30,35,34,28,22,34,19,25,27,16,21,22,35,36,32,22
Tract 27.02,s,s,19,7.8,s,23,7.6,31,38,4.1,s,s,5.6,4,s,s,72,77,s,s,31,12,95,99,58,62,s,s,97078,142159,s,s,46,310,320,265,274,269,261,276,287,275,317,375,441,499,492,470,515,522,118,103,94,87,88,69,81,84,69,51,68,56,46,41,27,45,62,7.3,9.7,13,14,12,13,9.2,12,11,6.4,7.5,8.2,6.9,3.6,4.8,4.4,5.9,42,49,60,49,27,29,48,45,35,28,27,30,24,31,42,30,23
Tract 28.01,s,s,30,21,s,34,30,40,31,45,s,s,12,9.5,s,s,51,72,s,s,50,24,87,98,42,42,s,s,44624,42815,s,s,-4.1,596,545,473,447,489,508,511,516,541,614,739,824,873,873,808,848,796,294,281,250,210,235,242,226,220,234,255,253,245,246,213,191,186,182,21,7.7,18,24,18,20,21,22,19,19,12,14,15,15,10,14,9.5,43,43,41,44,41,37,45,29,28,32,27,29,29,29,37,39,28
Tract 28.02,s,s,33,20,s,42,35,50,31,30,s,s,5.7,5.9,s,s,60,75,s,s,63,27,93,95,30,37,s,s,60496,60588,s,s,0.2,831,760,658,624,681,708,712,718,772,855,1030,1148,1217,1217,1126,1181,1109,409,391,348,293,328,337,315,307,325,356,352,341,343,296,266,260,254,12,9.2,13,17,13,15,13,25,26,21,23,25,19,23,23,20,17,29,32,37,28,26,24,35,58,80,90,109,102,126,128,133,143,120
Tract 29,s,s,20,7.5,s,23,13,17,29,3.4,s,s,14,5.3,s,s,55,81,s,s,48,14,91,97,52,61,s,s,70681,106565,s,s,51,471,452,419,414,427,441,406,348,340,438,618,730,729,732,689,673,621,257,257,241,226,223,210,168,151,129,132,171,175,165,145,123,115,119,20,16,21,24,23,17,25,24,20,23,16,17,11,13,6.3,9.3,7.1,37,41,46,44,43,31,46,54,42,57,49,57,62,84,71,65,61
Tract 30,s,s,38,26,s,47,50,49,28,43,s,s,17,6.4,s,s,51,71,s,s,39,9.4,93,95,49,45,s,s,57526,81412,s,s,42,672,629,581,540,596,628,575,558,580,697,812,906,887,892,828,789,723,392,391,349,310,359,327,284,285,294,327,351,348,324,323,297,230,229,25,23,34,42,21,33,27,23,25,19,21,22,19,16,10,13,7.9,48,60,64,62,48,45,51,50,47,47,46,49,52,58,62,61,44
Tract 31,s,s,14,11,s,26,22,20,11,17,s,s,19,6,s,s,55,73,s,s,45,20,97,96,57,72,s,s,58229,86898,s,s,49,392,390,399,407,415,433,392,327,283,369,461,537,560,600,554,567,547,249,266,251,210,223,218,163,122,120,117,168,152,139,115,103,124,107,36,30,36,40,24,18,24,28,31,33,27,19,21,28,13,22,15,64,58,64,66,61,50,57,61,68,66,55,76,90,106,107,133,132
Tract 32,s,s,26,16,s,37,21,17,15,9.6,s,s,15,7.6,s,s,48,64,s,s,41,26,94,97,53,63,s,s,57784,98714,s,s,71,916,964,1000,1075,1036,1110,1007,934,873,1073,1294,1378,1382,1399,1285,1216,1051,558,622,658,684,627,636,512,481,399,447,471,424,390,399,369,311,248,23,15,25,32,25,19,27,19,19,15,14,9.6,10,9.2,7.3,7.9,4.3,50,46,48,56,60,47,50,40,36,42,49,38,50,46,42,35,29
Tract 33.01,s,s,23,7.6,s,34,0,12,27,4.3,s,s,15,4.3,s,s,53,83,s,s,26,2.6,97,99,67,76,s,s,76692,143117,s,s,87,377,352,343,357,374,400,310,315,320,378,384,472,436,417,350,324,254,209,193,189,185,217,202,136,147,152,143,127,141,118,98,83,70,66,14,18,18,16,11,11,9.4,10,13,14,6.6,6.6,7.5,7.8,4.1,7.2,12,43,55,48,76,50,39,47,42,36,31,41,39,50,34,47,43,37
Tract 33.02,s,s,15,12,s,16,12,20,12,33,s,s,14,9.2,s,s,55,74,s,s,26,6.9,95,98,65,78,s,s,80286,128629,s,s,60,296,303,294,299,287,276,250,242,254,247,272,298,284,269,206,201,170,179,139,132,135,129,124,101,79,89,83,108,91,81,91,87,79,61,19,18,23,19,15,15,8.4,12,11,14,8.9,5.6,8,7,11,11,12,28,40,42,60,44,38,31,43,36,46,34,36,65,48,50,54,50
Tract 34,s,s,40,19,s,60,21,38,38,15,s,s,16,10,s,s,39,47,s,s,37,13,95,96,38,58,s,s,41577,92614,s,s,123,645,606,591,619,635,603,546,549,521,579,648,674,699,689,626,656,619,355,292,314,294,326,313,217,244,230,212,201,183,169,178,183,145,129,21,24,22,18,16,20,23,20,22,16,14,12,14,14,13,10,12,74,89,80,112,75,80,63,53,60,47,39,48,65,49,59,48,64
Tract 35,s,s,36,21,s,41,40,38,34,41,s,s,9,11,s,s,47,52,s,s,44,22,97,98,40,56,s,s,42119,75540,s,s,79,371,383,371,402,406,419,405,380,361,409,501,648,653,658,604,576,521,209,201,185,189,198,198,172,149,157,155,155,157,171,162,140,114,98,16,22,16,11,14,18,12,13,17,14,13,12,14,14,15,7.2,8.8,76,76,63,60,62,49,51,52,59,52,39,48,54,73,80,70,111
Tract 36,s,s,28,10,s,24,0,41,48,20,s,s,11,8.4,s,s,56,78,s,s,43,7.9,95,97,45,59,s,s,51602,101803,s,s,97,650,571,588,644,620,624,616,574,546,588,655,758,760,811,763,762,706,333,283,283,288,288,272,228,190,201,190,172,177,170,158,145,117,111,19,25,22,23,22,23,18,12,14,9.1,12,16,8.8,7.4,6.9,11,8.6,42,49,55,51,51,44,44,50,45,41,40,43,41,52,54,50,53
Tract 37,s,s,34,17,s,47,34,44,23,47,s,s,6.3,8,s,s,58,73,s,s,44,12,95,95,36,47,s,s,46503,74657,s,s,61,984,941,988,1004,876,919,837,859,883,988,1175,1302,1325,1415,1308,1261,1234,528,567,623,604,511,481,426,393,408,447,468,494,477,501,443,391,364,12,15,14,17,11,14,16,11,11,11,6.6,9.5,8,9.2,6.1,5.9,6.9,32,37,43,38,29,29,35,35,36,28,23,42,29,34,45,34,29
Tract 38,s,s,21,11,s,49,16,25,21,0,s,s,5.1,6.1,s,s,70,74,s,s,24,12,98,97,51,56,s,s,79432,141871,s,s,79,348,329,348,348,342,325,338,340,304,350,420,518,550,551,498,486,462,175,188,183,169,133,117,97,95,95,94,110,130,113,106,90,102,99,15,19,22,20,20,20,18,16,20,16,14,16,8.9,8.2,4.6,4.3,6.5,64,99,77,87,58,62,69,63,58,53,40,58,42,54,57,40,35
Tract 39,s,s,8.4,9.8,s,7.8,0,5.4,6.8,12,s,s,3.2,9,s,s,80,78,s,s,11,1.7,99,96,56,52,s,s,92370,162466,s,s,76,136,143,126,131,130,117,112,110,95,132,139,167,170,174,159,169,156,44,34,31,25,26,21,16,17,14,30,28,24,11,24,24,23,17,6.2,11,16,12,14,12,9.7,13,7.8,8.5,7.2,8.9,11,8.7,4.2,8.7,4.9,47,46,43,50,38,36,47,39,33,27,30,34,38,41,41,36,39
Tract 40.01,s,s,5.2,4.4,s,0,0,13,2.4,3.6,s,s,0.6,3.6,s,s,87,81,s,s,3,2.4,100,97,69,63,s,s,237346,240876,s,s,1.5,29,26,29,34,38,34,28,26,30,36,42,45,54,58,46,46,47,14,9,10,9,10,8,8,5,5,7,s,s,s,7,6,7,11,1.8,4.4,6.2,5.5,5.1,4.8,4.5,8.6,6.6,5.9,6.1,6.7,4.8,3.5,2.4,4.8,1.9,31,34,39,38,24,31,33,37,37,30,28,28,32,31,35,34,34
Tract 40.02,s,s,5.1,3.8,s,1.6,0,13,3.4,9.5,s,s,2.7,2.1,s,s,82,85,s,s,9.7,0.9,99,99,64,51,s,s,143620,146121,s,s,1.7,29,25,29,33,37,34,28,26,30,36,42,45,54,58,46,46,47,14,9,10,9,10,8,8,5,5,6,s,s,s,7,6,7,11,12,16,15,17,15,15,16,14,14,11,12,8.2,14,18,9.7,12,7.2,68,61,85,73,54,50,49,57,44,52,55,53,70,64,64,53,58
Tract 41,s,s,3.6,5.7,s,4.3,1.8,1.5,1.8,3.6,s,s,1.2,2.7,s,s,76,73,s,s,5.2,2.6,100,98,74,63,s,s,312741,216664,s,s,-31,s,s,5,6,20,24,21,15,7,9,13,16,29,18,19,15,17,0,s,0,0,0,s,0,0,0,0,s,s,s,5,0,0,0,7.9,5.5,8.6,5,5.8,4.6,2.3,4.9,3.7,4.5,3.7,2.2,8.5,2.6,3.3,1.8,3.3,48,42,43,56,33,31,41,41,27,36,33,30,55,32,48,55,49
Tract 42.01,s,s,9,4.9,s,31,0,34,6.6,19,s,s,2.7,4,s,s,87,88,s,s,7.5,3.8,100,95,56,53,s,s,133658,152973,s,s,14,57,65,71,72,79,69,72,64,53,60,65,72,77,81,69,53,54,15,21,20,20,15,20,19,24,19,16,18,20,16,20,9,5,s,9.8,7.4,11,6.9,8.1,6,6.6,9,5.4,5.7,8.7,5.7,5.4,10,5.1,2.1,3.9,43,43,52,49,39,29,43,36,33,43,32,42,53,42,46,43,45
Tract 42.02,s,s,7.9,7.4,s,0,0,12,13,1.2,s,s,2.4,3.2,s,s,82,85,s,s,6.9,0.9,99,96,50,48,s,s,163335,215739,s,s,32,37,29,28,29,25,35,29,31,28,31,37,35,40,37,36,27,28,6,8,5,11,s,5,6,s,s,9,7,s,s,s,0,0,s,12,7.9,14,12,14,6.7,7.4,9.9,12,10,12,12,9,4,1.1,5.1,3.6,60,68,72,63,59,50,47,62,59,76,67,71,55,49,47,49,69
Tract 43,s,s,20,12,s,35,27,33,38,27,s,s,4.9,7.1,s,s,67,79,s,s,27,10,98,99,46,48,s,s,107975,117233,s,s,8.6,347,316,304,272,289,296,261,236,233,269,361,384,376,366,348,303,266,172,149,121,116,140,129,104,96,78,77,84,63,71,70,67,51,43,18,13,10,17,14,13,11,15,13,10,6.8,10,14,17,12,9.2,6.8,52,48,54,52,45,43,50,52,51,58,50,54,79,74,101,96,86
Tract 44,s,s,20,13,s,30,28,18,43,46,s,s,4.4,3.7,s,s,66,83,s,s,25,5.5,97,96,59,64,s,s,62904,206342,s,s,228,291,241,246,248,229,203,205,185,197,209,246,294,308,286,254,231,196,134,130,112,125,114,88,76,64,65,57,63,51,52,60,44,46,30,55,57,48,41,36,38,43,34,28,28,26,40,29,26,16,18,18,265,195,199,177,175,149,166,146,149,151,109,116,146,143,146,147,192
Tract 46,s,s,24,14,s,32,36,19,23,2.2,s,s,22,9.6,s,s,44,68,s,s,32,10,95,97,56,72,s,s,54478,106310,s,s,95,724,655,613,622,677,653,616,541,585,695,732,799,751,732,695,640,600,416,394,357,300,340,315,290,234,237,269,235,251,213,194,199,155,147,32,33,27,31,27,25,26,23,20,23,29,25,29,19,17,21,22,52,48,53,60,55,41,40,68,61,60,47,58,82,54,70,73,79
Tract 47.01,s,s,37,24,s,39,31,60,33,14,s,s,25,8.4,s,s,32,57,s,s,42,16,95,98,33,45,s,s,33758,66565,s,s,97,1379,1369,1441,1639,1622,1636,1602,1564,1376,1283,1430,1571,1655,1652,1569,1543,1464,727,800,844,925,963,999,905,848,691,553,565,581,575,546,531,472,460,33,32,40,39,25,29,25,19,13,15,16,19,13,9.8,8.8,10,8.5,48,58,48,36,38,52,49,32,32,32,30,41,41,42,43,61,90
Tract 47.02,s,s,37,15,s,39,36,60,33,24,s,s,25,6.9,s,s,32,72,s,s,42,10,95,98,33,54,s,s,33758,138860,s,s,311,377,375,394,449,444,448,439,428,377,351,392,430,453,452,429,423,401,199,219,231,253,264,274,248,232,189,151,155,159,157,149,146,129,126,45,32,39,39,19,30,23,32,23,15,21,19,12,14,15,14,14,166,156,140,104,89,89,75,70,53,40,37,33,32,33,115,96,128
Tract 48.01,s,s,30,9.7,s,40,0,52,32,21,s,s,11,4.5,s,s,50,76,s,s,36,11,92,94,53,59,s,s,59498,117975,s,s,98,302,291,238,268,274,253,231,241,205,246,296,323,309,281,240,252,258,137,142,123,106,106,98,88,82,57,64,71,73,74,53,38,40,37,27,30,25,18,21,26,15,27,23,27,25,26,14,20,18,9.8,14,76,72,85,79,89,69,51,66,90,73,64,73,95,82,92,110,96
Tract 48.02,s,s,21,26,s,16,39,31,31,49,s,s,13,3,s,s,52,72,s,s,34,15,98,100,58,50,s,s,52562,79919,s,s,52,483,464,524,542,586,585,590,591,566,575,653,704,735,701,640,650,613,242,248,280,285,288,249,218,225,204,211,204,194,192,193,188,182,176,13,18,16,16,13,10,16,16,9.2,9.6,15,11,11,13,7.9,6.2,5.8,34,38,45,44,54,42,39,45,41,24,28,41,51,55,73,39,49
Tract 49.01,s,s,35,21,s,47,32,51,51,18,s,s,15,8.3,s,s,49,69,s,s,39,16,99,95,46,62,s,s,44791,73912,s,s,65,444,479,527,513,496,559,550,519,476,524,576,647,630,654,609,609,544,244,264,265,288,281,299,250,254,219,211,185,173,165,158,142,124,111,28,33,28,29,30,30,30,24,10,14,20,16,12,16,14,20,12,69,80,82,76,76,54,71,58,71,60,44,53,67,76,92,103,109
Tract 49.02,s,s,19,12,s,18,9.7,47,21,16,s,s,6,5,s,s,68,84,s,s,30,14,94,99,53,56,s,s,77307,98631,s,s,28,211,233,254,274,269,274,303,278,305,327,361,396,457,496,464,439,424,111,115,144,156,156,159,142,104,98,102,114,117,142,155,125,104,97,23,23,19,23,18,15,22,25,18,20,16,14,8.2,11,12,11,13,49,55,62,59,70,54,78,67,62,63,38,59,76,75,96,99,147
Tract 50.01,s,s,27,8.3,s,40,0,44,55,22,s,s,7.5,2.5,s,s,67,82,s,s,31,6.2,95,99,47,69,s,s,76688,196843,s,s,157,86,81,80,83,82,90,91,90,89,97,116,139,152,164,154,151,138,20,23,23,21,21,19,17,13,14,12,14,16,15,15,14,13,11,21,37,34,18,22,24,18,11,15,17,9.2,9.7,12,8.7,5.1,9.7,7.2,148,129,142,112,98,92,131,72,66,67,61,58,95,70,75,74,101
Tract 50.02,s,s,27,13,s,40,9.7,44,55,34,s,s,7.5,4.1,s,s,67,77,s,s,31,16,95,99,47,39,s,s,76688,118073,s,s,54,462,431,430,444,436,482,489,479,478,518,622,742,811,874,825,807,735,105,121,125,113,112,99,88,70,72,66,75,87,82,79,76,70,61,11,13,7.5,9.2,7.6,8.2,11,7.4,8.1,3.5,5.8,5.8,6.3,3.2,3,3.2,3.2,34,33,48,39,38,34,38,32,30,29,20,24,28,26,29,24,29
Tract 52.01,s,s,19,7.9,s,45,0,22,36,20,s,s,5.3,2.8,s,s,74,88,s,s,14,6.2,99,97,45,51,s,s,79867,187519,s,s,135,278,274,299,325,323,321,310,300,291,315,352,380,357,371,348,324,298,116,116,122,137,141,134,121,122,87,105,122,108,89,69,46,50,47,10,15,9.9,9.6,6,9,6.8,9.8,8.3,8.4,7.9,8.6,6.9,6.9,4.8,5.4,3.6,58,54,66,57,46,45,49,59,57,59,48,56,56,54,64,62,70
Tract 53.01,s,s,8.7,7.8,s,10,0,12,12,7.4,s,s,2.9,0.8,s,s,87,85,s,s,5.9,0.7,99,96,45,40,s,s,202199,157026,s,s,-22,47,53,52,61,52,48,45,60,61,61,78,65,64,57,62,60,62,18,22,22,24,27,13,11,12,20,29,25,12,6,6,8,10,11,11,8.3,8.9,8.1,7.3,6.1,7.7,5.5,7.5,6.3,7.1,6.1,5.9,3.2,2.6,4.4,3.6,75,57,59,47,45,45,37,45,57,55,34,54,56,47,50,48,50
Tract 55,s,s,13,18,s,21,39,3.1,0,7.7,s,s,1.2,2.5,s,s,79,74,s,s,5.6,1.2,99,97,51,52,s,s,175218,203773,s,s,16,s,7,12,8,12,14,10,10,11,11,21,26,37,39,31,32,38,0,0,s,s,s,0,s,0,0,0,5,s,5,s,s,s,18,12,14,13,15,10,9.7,9,9.7,8.1,9.9,7.6,9.6,8.8,4.3,6.6,4.9,6.9,104,83,77,77,65,62,56,67,72,59,50,60,69,67,70,78,85
Tract 56,s,s,25,22,s,0,0,9.4,12,16,s,s,4.5,2.9,s,s,55,60,s,s,6,3.4,100,98,49,35,s,s,320413,249259,s,s,-22,53,41,29,25,20,22,35,40,33,32,47,54,64,67,78,127,132,s,0,0,0,s,0,s,s,s,0,0,s,s,0,0,17,8,3,3.6,4.4,3.4,2.2,2.2,1.1,1.8,3,2.2,2.7,1.6,2.4,1.2,1.2,2.2,3,30,24,24,25,25,16,17,17,16,16,16,20,16,17,23,20,18
Tract 58,s,s,31,16,s,53,23,70,54,24,s,s,4.2,5.6,s,s,63,78,s,s,32,9.7,99,99,47,47,s,s,115771,208395,s,s,80,334,311,375,476,558,568,518,312,211,178,181,196,181,168,177,183,184,24,9,10,11,14,7,8,11,5,0,s,s,5,s,0,s,7,145,151,81,78,55,41,50,46,46,40,37,40,43,38,28,36,36,1023,828,578,451,331,298,332,340,320,311,258,286,368,330,402,359,419
Tract 59,s,s,37,14,s,5.1,0,55,64,34,s,s,32,5.2,s,s,43,74,s,s,34,9.1,95,98,39,44,s,s,67101,138258,s,s,106,903,740,754,934,969,969,901,748,721,850,877,952,962,969,843,812,683,120,125,142,152,142,133,102,81,47,56,48,62,80,82,89,70,59,21,21,19,21,11,8.8,12,15,16,13,7.3,12,11,7.3,10,13,13,157,128,135,96,48,50,55,66,56,58,36,57,70,68,65,48,63
Tract 62.02,s,s,i,0,s,i,0,0,i,i,s,s,i,0,s,s,i,100,s,s,i,0,i,100,i,100,s,s,i,i,s,s,i,8,12,6,5,6,s,s,6,8,12,15,16,9,9,10,14,15,0,s,0,s,s,0,0,s,s,s,s,s,s,s,s,0,0,i,9667,3286,1900,1308,706,650,609,538,500,576,424,545,424,121,394,545,i,84667,27571,17000,6692,6118,4150,4652,4500,4200,3606,3697,4152,4515,5545,3909,4333
Tract 64,s,s,42,44,s,46,59,31,61,33,s,s,16,19,s,s,32,38,s,s,52,25,97,93,29,40,s,s,28168,38352,s,s,36,1032,995,967,1046,1116,1139,1138,1094,1185,1248,1399,1488,1526,1535,1500,1465,1301,610,605,557,585,618,596,592,545,558,598,619,606,590,569,542,477,430,28,22,23,19,22,24,27,22,21,16,14,17,15,17,16,13,17,57,52,57,42,39,47,47,53,40,21,40,36,47,59,38,41,54
Tract 65,s,s,5.3,8.2,s,6.9,3.3,0,0,0,s,s,1.6,3,s,s,86,84,s,s,2.5,2.8,100,97,80,70,s,s,180879,233031,s,s,29,33,35,29,26,25,23,27,24,17,23,34,41,33,34,29,32,21,10,10,7,8,6,8,11,10,5,8,7,6,s,s,s,7,0,4.4,6.4,6.7,7.1,4,4.8,4,0.8,4,3.2,2.8,2,4.7,2.8,4.3,2.4,2.8,60,64,55,46,38,42,34,35,36,35,32,35,57,45,48,40,40
Tract 66,s,s,5.2,2.6,s,0,0,3.3,10,11,s,s,1.8,4,s,s,85,79,s,s,2,0.6,100,100,83,75,s,s,219466,269634,s,s,23,s,7,8,s,5,s,s,7,8,10,17,13,13,15,18,16,18,s,s,s,0,0,0,0,s,s,s,s,s,s,s,s,s,s,8.6,12,19,16,7.2,12,11,9.1,14,10,6.3,5.2,9.4,8.4,7.3,5.8,7.3,76,82,84,70,55,48,52,72,69,59,45,63,77,94,83,81,101
Tract 67,s,s,4.9,3.9,s,3.7,0,18,12,1.2,s,s,0.9,3,s,s,80,77,s,s,5.2,2.6,99,97,83,86,s,s,155816,218587,s,s,40,263,157,106,64,81,74,72,83,77,81,85,99,116,111,106,104,91,20,20,23,29,40,36,31,30,27,32,21,24,32,24,26,22,18,11,14,14,15,9.1,9,6.5,6.7,5.9,7.7,4.8,7.4,3.7,5.3,3.4,7.4,3.4,50,70,52,48,37,45,29,36,51,61,38,41,35,45,46,32,32
Tract 68.01,s,s,24,10,s,39,20,14,11,6,s,s,17,10,s,s,48,71,s,s,25,11,96,97,52,79,s,s,68916,109841,s,s,59,420,371,321,330,326,297,267,282,298,353,419,432,413,448,448,418,392,184,218,192,162,178,150,109,116,116,152,164,156,154,168,177,148,160,13,8.7,9.8,8.4,14,10,10,14,15,17,12,5.6,9.2,12,8.2,11,9.7,21,39,36,39,41,36,35,44,43,44,33,33,38,27,35,41,46
Tract 68.02,s,s,23,11,s,22,9.3,8.9,34,1.7,s,s,9.7,9.9,s,s,54,72,s,s,26,8.5,99,98,67,83,s,s,77514,143023,s,s,85,320,269,241,200,203,208,201,205,202,232,242,287,278,249,230,208,154,148,156,133,119,124,118,93,87,72,72,69,66,81,76,58,48,43,7.9,13,12,11,7.3,9.2,10,4.8,7.2,2.9,6.2,1,5.8,3.8,1.9,5.3,6.7,32,61,36,44,33,32,31,27,44,27,24,31,36,41,43,35,26
Tract 68.04,s,s,9.6,91,s,0,i,0,0,100,s,s,0,54,s,s,9.9,0.4,s,s,39,27,54,100,71,100,s,s,83823,i,s,s,i,14,5,7,19,25,45,91,99,169,184,205,195,204,449,387,338,268,s,s,s,13,14,25,44,38,49,58,105,106,130,333,312,285,230,4.5,5.1,3.9,2.4,3.9,4.8,3.4,6.8,4,5,5.4,6,3,3.3,4.4,3.3,4.1,16,16,11,16,14,14,13,12,12,10,9,17,6.3,4.9,5.7,2.2,2.7
Tract 69,s,s,19,3.9,s,25,0,23,28,9.7,s,s,9,1.6,s,s,62,82,s,s,15,4.5,99,99,71,81,s,s,96371,171152,s,s,78,206,172,159,171,192,182,166,157,177,181,208,192,184,199,187,191,185,86,80,75,72,100,95,53,46,62,51,54,40,39,41,38,41,44,17,29,28,23,17,21,19,19,26,26,16,12,14,11,12,13,13,93,150,94,69,80,76,60,81,96,81,73,57,72,97,95,112,98
Tract 70,s,s,14,5.2,s,41,0,19,6.7,11,s,s,4.8,3.5,s,s,81,78,s,s,6.5,3.7,100,96,73,75,s,s,123612,211766,s,s,71,64,76,87,87,80,80,78,75,87,84,87,128,129,123,112,89,81,32,33,38,46,32,37,36,26,36,33,24,21,29,30,29,25,21,22,20,19,19,10,8.9,8.6,11,8.2,12,8.2,5.7,12,5.3,11,11,9.6,90,105,97,69,78,52,47,63,57,70,59,50,81,103,121,129,109
Tract 71,s,s,43,25,s,61,34,46,48,27,s,s,17,14,s,s,45,55,s,s,36,9.5,93,99,43,56,s,s,42523,104015,s,s,145,1184,1067,997,1004,1024,979,1004,934,945,938,1003,1134,1165,1176,1094,1039,939,672,698,606,596,634,615,565,533,501,476,465,487,488,432,419,368,339,27,14,18,19,17,18,18,24,20,20,19,14,13,11,9.3,17,13,47,47,51,41,44,33,23,42,50,66,57,60,65,76,69,72,53
Tract 72,s,s,62,12,s,78,15,64,73,33,s,s,33,6,s,s,24,80,s,s,55,4.1,90,98,14,68,s,s,31337,133537,s,s,326,819,815,777,804,529,221,111,101,127,164,208,273,318,417,434,435,403,470,446,396,400,258,109,45,21,28,31,36,36,47,101,111,98,99,60,69,68,57,35,27,13,9.2,9.2,7.8,6.8,5.7,8.6,10,5.4,8.2,13,267,295,207,137,109,92,116,76,53,44,44,47,53,58,71,79,96
Tract 73.01,s,s,2.5,2.7,s,2.4,2.3,0,0,0,s,s,5.9,0.9,s,s,77,80,s,s,4.6,0,99,98,96,96,s,s,73791,91259,s,s,24,30,19,16,15,19,24,36,25,15,10,17,24,28,20,22,17,7,6,8,10,6,s,5,13,8,s,0,7,s,s,9,8,0,0,0.4,0.2,0,0.4,0.9,0.5,0.3,0.3,0,0.3,0,0,1.7,0.3,0,0.3,0,1,0.2,0.6,1.3,1.4,1.5,1.5,1.9,0.9,1.5,0.7,0.7,1,2,1,2.3,1
Tract 73.04,s,s,44,41,s,58,60,28,17,12,s,s,22,23,s,s,37,39,s,s,33,20,93,93,50,47,s,s,36012,43321,s,s,20,1909,1728,1797,1893,1856,1543,1432,1461,1446,1717,1967,2164,2272,2282,2316,2294,2078,1280,1234,1241,1274,1289,1035,905,900,889,928,1000,992,972,954,976,884,811,25,25,28,26,23,22,24,27,33,30,32,30,26,20,17,19,14,32,44,43,47,45,35,32,45,52,42,47,43,25,31,24,27,24
Tract 74.01,s,s,58,61,s,68,70,42,41,33,s,s,28,22,s,s,30,34,s,s,42,31,96,95,29,29,s,s,23168,20219,s,s,-13,1751,1678,1685,1754,1757,1858,1787,1721,1670,1731,1865,2019,2120,2229,2052,1991,1576,1129,1163,1074,1037,1047,1076,1037,971,921,940,973,1042,1050,1069,962,837,639,32,32,33,36,39,31,38,35,26,33,33,36,43,29,27,29,33,38,50,31,32,29,43,41,56,63,74,53,71,83,56,45,68,49
Tract 74.03,s,s,28,32,s,32,35,37,21,43,s,s,16,21,s,s,55,48,s,s,42,16,95,96,47,47,s,s,41182,36418,s,s,-12,887,826,857,951,1004,1017,998,1060,1144,1348,1524,1659,1770,1839,1781,1748,1604,615,604,632,667,686,697,634,628,685,769,747,758,799,807,781,702,621,18,13,19,15,8.3,18,23,22,19,22,22,14,20,23,16,18,20,26,31,35,31,31,31,31,40,51,40,45,33,35,43,38,40,37
Tract 74.04,s,s,63,40,s,73,51,62,34,34,s,s,50,28,s,s,20,39,s,s,55,22,97,94,31,54,s,s,32459,47594,s,s,47,1743,1388,960,834,994,1049,1033,1019,704,786,919,1179,1301,1303,1261,1277,1205,1200,1034,746,657,698,696,690,674,384,409,396,416,445,446,453,424,389,25,20,19,19,17,17,19,18,12,16,18,14,26,24,25,28,27,30,23,28,34,24,24,30,34,25,36,32,23,47,56,61,49,52
Tract 74.06,s,s,52,30,s,63,30,35,24,9.4,s,s,34,8.2,s,s,37,58,s,s,40,16,97,98,49,54,s,s,25537,36736,s,s,44,1752,1630,1747,1782,1824,1784,1723,1682,1789,1925,2002,2138,2199,2254,2116,2156,2051,1302,1271,1255,1249,1318,1209,1156,1106,1137,1224,1134,1114,1131,1129,1105,1019,978,21,17,24,20,16,14,17,22,25,22,17,17,21,23,18,18,22,19,22,30,36,22,31,25,30,31,27,25,31,26,29,23,34,27
Tract 74.07,s,s,24,25,s,35,37,7.5,15,18,s,s,16,17,s,s,49,53,s,s,37,14,98,96,54,53,s,s,50509,44121,s,s,-13,713,538,581,817,896,1003,929,935,1063,1220,1391,1615,1783,1980,2040,2037,2004,444,398,423,494,497,574,511,490,540,568,561,642,701,776,832,767,759,21,24,21,21,21,18,19,27,21,18,18,26,25,18,18,15,14,49,43,46,55,47,41,32,49,39,43,48,49,50,53,44,43,34
Tract 74.08,s,s,52,52,s,66,72,31,35,16,s,s,22,23,s,s,41,32,s,s,38,22,90,97,40,40,s,s,29831,32213,s,s,8,1038,978,954,1075,1178,1122,1160,1127,1266,1420,1595,1818,2011,2062,1873,1862,1749,708,729,703,689,765,727,707,675,742,821,849,901,966,978,917,822,805,19,27,28,17,19,26,18,17,9.8,12,8.6,15,20,19,16,13,11,26,27,37,39,35,29,23,20,20,18,16,23,36,33,34,24,26
Tract 74.09,s,s,41,38,s,51,56,30,34,26,s,s,23,20,s,s,40,44,s,s,36,17,97,96,49,49,s,s,36224,34742,s,s,-4.1,1079,1005,1043,1157,1223,1238,1214,1290,1393,1641,1854,2020,2155,2239,2167,2128,1953,748,736,770,812,835,849,772,765,833,936,909,922,973,982,951,854,757,20,19,18,22,14,21,15,15,14,17,22,16,17,14,14,12,11,30,29,34,35,40,40,36,45,41,43,44,34,34,28,25,35,29
Tract 75.02,s,s,45,52,s,58,65,25,46,41,s,s,22,27,s,s,40,33,s,s,33,18,97,95,49,51,s,s,42625,49958,s,s,17,1430,1423,1469,1556,1653,1629,1479,1455,1501,1735,1962,2242,2435,2527,2500,2444,2263,858,1012,1070,1004,981,923,761,760,846,929,986,969,1002,987,1032,973,917,31,31,30,31,35,25,26,22,21,21,20,19,21,21,17,17,11,28,28,35,45,39,29,24,32,27,30,36,35,36,35,32,35,30
Tract 75.03,s,s,38,47,s,52,59,27,16,22,s,s,23,17,s,s,44,46,s,s,34,17,97,97,50,56,s,s,44946,40188,s,s,-11,1088,1057,1173,1311,1454,1474,1473,1448,1560,1795,1950,2148,2309,2404,2343,2437,2444,727,729,788,894,976,930,890,801,802,839,834,819,872,857,879,872,898,24,27,21,21,22,18,21,35,28,18,26,31,26,24,24,23,26,56,64,50,51,63,48,45,56,38,62,43,58,49,47,64,73,69
Tract 75.04,s,s,38,48,s,47,67,42,46,22,s,s,20,19,s,s,46,40,s,s,30,21,94,96,47,45,s,s,33854,42526,s,s,26,962,935,1038,1160,1287,1305,1304,1281,1380,1589,1726,1901,2043,2128,2073,2156,2163,643,645,697,791,864,823,787,709,709,743,738,724,771,758,778,772,795,24,19,29,27,17,24,22,26,32,13,24,19,23,19,19,16,18,32,28,37,36,29,24,31,41,37,33,33,36,44,61,53,40,42
Tract 76.01,s,s,21,24,s,26,38,33,18,21,s,s,19,17,s,s,45,51,s,s,32,12,96,99,61,61,s,s,65006,59906,s,s,-7.8,891,899,1016,1194,1196,1366,1408,1388,1473,1628,1795,1977,2101,2083,1997,2016,1832,508,542,613,673,723,780,718,700,723,767,732,743,815,808,780,758,749,22,29,26,22,19,21,24,20,18,18,17,20,25,28,20,20,24,61,65,57,49,37,31,36,39,45,42,38,43,58,67,72,59,53
Tract 76.03,s,s,16,21,s,28,34,14,13,15,s,s,9,6.9,s,s,56,60,s,s,20,13,97,99,70,76,s,s,68160,76039,s,s,12,329,366,422,427,478,496,496,465,490,648,757,949,1075,1128,1071,1047,949,177,209,252,207,234,247,255,226,216,282,281,316,333,347,341,319,299,10,12,13,13,12,12,10,15,15,9.3,15,16,8.7,6.4,9.6,7.4,7.4,46,59,67,86,51,41,36,44,41,40,37,47,42,35,32,35,33
Tract 76.04,s,s,15,18,s,26,32,5,7.8,21,s,s,6.5,15,s,s,59,57,s,s,17,12,98,96,67,67,s,s,89075,75080,s,s,-16,483,434,461,513,526,596,541,537,558,782,949,1150,1274,1334,1318,1307,1179,263,266,259,248,243,268,252,251,260,314,357,443,437,428,487,448,413,18,22,15,14,17,15,15,14,10,10,12,6.6,20,16,14,10,13,53,61,56,75,49,42,40,46,32,39,33,28,63,58,67,50,57
Tract 76.05,s,s,17,29,s,24,44,10,13,27,s,s,9.2,14,s,s,60,53,s,s,23,13,98,98,63,52,s,s,62388,50718,s,s,-19,493,441,435,510,463,504,511,580,645,800,1001,1165,1284,1355,1382,1423,1272,333,276,252,270,257,228,227,231,240,291,348,383,406,446,502,497,447,17,12,16,13,9.7,11,13,18,14,14,15,9,16,17,17,16,14,54,57,63,45,42,41,39,56,45,50,38,36,38,37,43,34,26
Tract 77.03,s,s,32,47,s,47,58,25,15,47,s,s,17,24,s,s,48,41,s,s,38,22,96,97,51,44,s,s,40507,38011,s,s,-6.2,1378,1457,1458,1507,1708,1806,1853,1767,1742,2084,2353,2726,2959,3035,2884,2893,2720,965,1030,1037,911,1001,1030,1030,912,862,963,983,1059,1101,1093,1036,1044,983,24,22,19,19,17,15,12,15,13,14,20,18,17,20,20,18,16,46,46,55,46,36,39,24,29,48,33,34,36,33,30,29,36,26
Tract 77.07,s,s,20,28,s,29,44,14,11,14,s,s,11,19,s,s,48,45,s,s,26,9.3,98,97,72,65,s,s,68240,46498,s,s,-32,587,585,727,826,972,1002,983,1026,1036,1120,1368,1540,1664,1704,1665,1582,1437,382,383,479,501,588,578,538,559,527,533,566,638,645,634,625,552,518,12,11,17,19,13,18,18,15,17,19,17,13,11,17,18,12,12,35,39,53,57,42,38,31,28,39,26,30,34,36,30,44,28,36
Tract 77.08,s,s,24,31,s,31,52,27,14,1.4,s,s,7.1,35,s,s,52,36,s,s,25,18,94,91,53,35,s,s,39120,44153,s,s,13,742,757,742,753,789,751,764,770,861,1019,1122,1302,1420,1556,1499,1429,1310,476,510,504,423,426,411,354,334,383,457,445,471,504,526,492,465,451,20,19,24,21,13,12,14,11,21,16,13,15,20,21,25,18,14,44,39,68,49,35,29,25,25,43,34,33,31,37,49,40,47,35
Tract 77.09,s,s,15,29,s,14,33,21,15,27,s,s,11,26,s,s,58,45,s,s,30,17,95,98,65,63,s,s,89644,42392,s,s,-53,377,306,355,395,400,445,523,545,553,647,772,907,983,1065,996,940,951,202,200,223,212,185,194,255,276,208,237,277,300,353,385,370,310,331,20,18,17,15,18,13,17,18,23,15,12,17,18,18,23,19,10,45,50,47,63,39,35,28,50,50,52,35,41,54,62,66,53,47
Tract 78.03,s,s,25,21,s,37,40,14,20,10,s,s,13,18,s,s,44,55,s,s,31,19,97,99,64,61,s,s,50999,54776,s,s,7.4,720,714,713,755,856,906,989,1029,1012,1105,1223,1359,1484,1499,1525,1585,1475,355,394,426,416,457,458,470,480,485,489,491,499,560,547,556,544,520,28,27,23,25,24,24,20,24,30,36,28,34,30,34,31,28,25,54,82,55,66,53,44,58,76,84,60,56,54,46,49,60,55,56
Tract 78.04,s,s,41,29,s,62,51,28,19,19,s,s,18,13,s,s,32,43,s,s,43,23,94,98,57,56,s,s,44838,53050,s,s,18,1247,1096,1166,1235,1317,1380,1379,1260,1241,1368,1447,1539,1706,1763,1712,1755,1600,752,671,757,793,820,847,807,693,673,715,644,667,678,685,679,664,621,26,22,28,25,18,23,18,19,24,31,23,17,18,30,32,22,18,40,47,49,63,46,32,40,44,57,55,41,58,53,53,62,51,41
Tract 78.06,s,s,18,26,s,22,24,22,18,16,s,s,16,19,s,s,41,46,s,s,24,12,92,99,66,51,s,s,59787,52629,s,s,-12,499,534,554,641,651,730,751,741,782,932,1016,1078,1096,1153,1127,1168,1081,279,322,350,380,361,384,367,373,379,416,437,435,428,425,416,410,380,26,33,26,25,28,29,15,19,24,21,29,25,31,38,38,31,23,85,95,68,117,74,60,71,51,46,53,63,58,49,66,88,72,66
Tract 78.07,s,s,16,21,s,12,33,31,28,10,s,s,6.1,21,s,s,45,44,s,s,36,17,96,96,59,64,s,s,70014,65826,s,s,-6,427,441,510,571,616,690,729,710,734,819,894,1010,1050,1104,1133,1129,1039,241,266,302,303,326,378,398,395,383,397,405,389,394,425,441,444,430,23,23,22,23,20,28,18,15,27,17,22,19,20,27,23,26,28,53,57,57,82,57,36,39,49,77,49,55,69,58,48,62,64,71
Tract 78.08,s,s,36,30,s,48,32,29,27,26,s,s,22,30,s,s,36,45,s,s,35,24,92,96,48,57,s,s,44291,64456,s,s,46,1644,1534,1391,1288,1229,1338,1422,1429,1456,1590,1661,1838,1874,1907,1889,1898,1751,1021,971,888,773,728,773,809,778,756,775,810,771,752,724,693,723,662,23,26,20,24,15,21,21,32,35,38,43,30,17,26,23,24,16,53,33,46,56,40,33,31,82,119,100,97,97,44,46,44,42,33
Tract 78.09,s,s,22,24,s,16,37,16,20,21,s,s,16,14,s,s,39,58,s,s,32,16,94,96,65,64,s,s,53323,50353,s,s,-5.6,597,638,662,767,779,873,898,886,935,1114,1215,1289,1310,1379,1347,1396,1293,333,385,419,455,432,459,439,446,452,497,522,520,512,507,497,491,454,16,18,12,18,13,11,15,12,15,18,16,16,16,20,19,17,15,42,47,63,80,54,54,51,59,48,39,59,47,50,43,63,46,34
Tract 79.01,s,s,32,23,s,41,28,22,27,22,s,s,17,19,s,s,44,52,s,s,35,22,94,97,48,57,s,s,45181,69468,s,s,54,1068,1060,1117,1248,1281,1348,1266,1222,1242,1338,1439,1580,1609,1567,1469,1428,1261,572,633,737,832,812,836,741,700,664,658,633,675,660,608,588,525,453,19,22,21,24,18,22,27,18,14,13,9.7,11,15,22,20,23,19,28,41,35,45,43,34,34,21,31,30,26,27,40,48,60,47,42
Tract 79.03,s,s,19,27,s,28,47,10,12,19,s,s,15,12,s,s,45,59,s,s,32,7.3,97,97,71,67,s,s,74095,68656,s,s,-7.3,340,332,340,362,349,374,395,384,388,444,510,556,592,554,479,509,436,184,196,175,205,210,220,210,185,190,215,205,219,211,181,164,181,166,20,18,19,20,18,22,19,21,15,12,16,18,7.9,11,9,8.5,11,29,35,48,61,57,43,48,45,36,42,34,36,29,28,41,36,33
Tract 80.01,s,s,18,6.5,s,26,2.3,24,9.9,22,s,s,11,5.4,s,s,55,76,s,s,30,4.6,96,96,71,87,s,s,81978,155337,s,s,89,382,332,303,317,313,296,227,202,207,219,267,309,293,294,271,226,183,213,189,167,162,176,159,106,90,62,58,71,84,82,88,74,48,38,11,15,10,9.7,11,7.4,12,14,14,16,8.3,9,6.5,8.6,6.8,9,6.8,30,56,51,54,51,66,52,45,50,51,52,56,49,52,63,48,39
Tract 80.02,s,s,13,7.2,s,18,5.2,24,13,3.8,s,s,7.5,6.8,s,s,70,76,s,s,14,3.9,98,98,72,82,s,s,97921,141322,s,s,44,481,398,363,387,362,351,369,358,336,349,391,407,374,365,318,281,228,207,195,162,173,176,176,198,153,123,111,126,120,112,98,87,61,55,18,18,16,17,13,17,17,11,11,7.6,8.9,13,14,9.2,11,11,11,59,67,63,82,61,77,52,41,46,41,48,40,55,56,55,44,50
Tract 81,s,s,6.2,1.7,s,10,0,6.6,3.2,3.6,s,s,6.5,1.9,s,s,72,83,s,s,8.8,2.6,100,99,80,80,s,s,150197,208417,s,s,39,132,91,84,88,88,90,94,94,89,84,93,78,88,93,86,78,81,41,35,40,34,41,47,44,37,27,24,26,6,13,16,18,13,19,6.9,9.6,10,6.9,9.1,6.7,11,9,7.8,5.2,3.1,3.4,3.4,2.7,2.4,3.4,2.7,46,104,80,80,84,95,42,40,42,35,30,39,61,53,43,46,30
Tract 82,s,s,3.3,7.6,s,2.3,0,3.8,18,0,s,s,0.7,3.4,s,s,83,75,s,s,1.5,0.4,99,97,69,70,s,s,186381,215782,s,s,16,15,11,8,9,7,12,14,10,11,17,14,13,27,25,17,17,17,s,s,6,0,0,s,s,0,0,s,6,s,s,s,s,s,0,9.4,8.1,7.6,5.3,3.7,2.9,2.5,2.9,2.8,3.8,0.7,2.7,2.4,2.1,0,1.7,1.7,46,50,39,41,36,29,29,38,36,23,20,36,36,39,33,34,27
Tract 83.01,s,s,9.5,3.8,s,20,0,29,22,0,s,s,4,3.5,s,s,82,83,s,s,6,3,98,100,80,84,s,s,124467,174447,s,s,40,119,80,56,85,110,92,73,67,73,99,110,129,127,128,115,96,74,72,52,36,42,52,38,30,23,28,39,45,38,42,33,32,29,33,23,16,17,16,17,11,10,11,13,9.6,8.3,9.2,6.6,3.5,5.7,5.3,2.2,79,80,70,70,85,53,59,56,64,48,45,47,63,62,63,58,57
Tract 83.02,s,s,4.7,6.5,s,0,0,3.6,11,5.2,s,s,5.2,2.2,s,s,70,75,s,s,16,5,100,98,85,80,s,s,115499,176346,s,s,53,126,233,676,1284,1776,1926,1858,1842,2132,2488,2803,2941,2967,2882,2633,2556,2493,61,67,94,112,106,76,63,44,34,36,46,78,101,123,156,166,191,19,11,20,15,13,7.9,8.2,10,12,7.8,5.4,11,10,10,8.6,11,8.6,75,103,79,81,100,76,66,58,61,52,42,56,83,73,68,80,109
Tract 84.02,s,s,25,10,s,42,6.9,39,32,31,s,s,12,9.8,s,s,52,72,s,s,28,9.5,100,97,54,64,s,s,66110,130686,s,s,98,314,291,275,289,310,318,312,281,283,281,316,346,321,311,308,294,264,96,82,75,67,83,83,67,54,48,57,78,75,60,34,56,46,39,11,13,19,23,16,13,21,16,19,16,14,13,10,9.8,8.4,13,6.5,39,71,73,60,97,80,86,62,57,69,49,72,60,81,87,67,62
Tract 84.10,s,s,19,8.5,s,38,0,13,20,12,s,s,21,3.2,s,s,42,78,s,s,35,5,93,98,67,77,s,s,57909,108973,s,s,88,401,415,412,404,424,410,362,318,324,368,400,419,412,375,329,301,229,218,237,223,207,193,164,170,129,121,135,130,131,117,98,87,61,43,36,48,32,46,36,36,31,30,31,37,30,33,29,25,25,39,36,71,105,83,64,113,85,110,92,95,102,96,78,125,146,157,146,111
Tract 87.01,s,s,19,11,s,19,9.3,10,11,0,s,s,15,5.5,s,s,49,71,s,s,26,12,95,97,59,75,s,s,71217,104016,s,s,46,599,569,637,675,763,735,603,532,540,572,669,778,746,742,696,648,502,351,319,323,334,352,309,273,236,198,214,224,226,211,194,180,153,126,15,23,13,15,16,21,19,18,16,19,17,18,15,11,13,9.1,9.1,39,37,34,55,54,41,36,68,43,34,42,56,65,49,76,52,35
Tract 87.02,s,s,26,25,s,31,29,22,24,25,s,s,15,15,s,s,44,57,s,s,44,15,93,95,47,63,s,s,70950,98502,s,s,39,427,401,354,440,429,428,423,415,432,503,511,586,632,594,550,530,469,239,200,192,218,216,193,152,164,167,185,150,173,185,148,145,164,140,21,27,18,23,24,22,30,21,24,22,26,36,11,12,11,14,13,44,56,65,84,93,49,49,92,56,57,67,53,59,38,47,60,61
Tract 88.02,s,s,29,26,s,43,41,27,22,17,s,s,20,17,s,s,39,52,s,s,42,15,95,96,56,63,s,s,60078,78333,s,s,30,907,845,826,940,1117,1171,1113,1057,1174,1378,1497,1534,1576,1618,1398,1315,1164,579,495,470,533,674,667,575,512,553,555,494,499,486,497,435,405,345,29,24,18,26,20,26,18,18,18,17,13,15,20,17,15,19,19,51,45,43,44,48,44,47,52,46,45,47,38,48,52,64,54,52
Tract 88.03,s,s,44,52,s,57,62,21,46,56,s,s,36,23,s,s,36,37,s,s,25,20,92,96,39,45,s,s,27385,25830,s,s,-5.7,398,478,521,556,653,670,648,650,755,764,850,949,1025,1075,991,887,839,225,296,324,309,351,287,275,244,279,264,286,311,327,309,286,262,263,55,63,55,81,54,56,59,51,44,32,34,30,32,32,28,31,35,117,137,149,190,243,139,148,184,161,137,89,136,119,115,96,114,119
Tract 88.04,s,s,29,30,s,41,15,25,21,27,s,s,11,22,s,s,52,48,s,s,36,19,95,94,45,59,s,s,62026,49637,s,s,-20,575,612,629,724,883,868,802,785,873,1007,1117,1256,1323,1325,1226,1158,1046,391,363,347,374,458,413,426,373,410,400,366,419,463,446,418,376,317,28,38,31,30,33,35,23,30,26,13,24,23,28,19,25,25,29,71,71,69,74,71,71,54,40,52,38,42,53,65,60,73,59,71
Tract 89.03,s,s,23,33,s,36,55,24,13,4,s,s,14,13,s,s,47,51,s,s,42,24,94,97,58,49,s,s,46665,35166,s,s,-25,734,688,705,887,1031,1074,1030,936,1027,1223,1314,1440,1432,1419,1251,1171,1050,431,419,417,494,554,544,516,430,461,512,484,487,476,464,435,416,359,26,17,24,28,25,24,23,26,18,18,17,11,16,14,17,17,19,46,51,51,62,57,46,56,56,44,54,48,55,56,73,68,72,56
Tract 89.04,s,s,36,25,s,51,12,22,23,34,s,s,14,19,s,s,44,53,s,s,38,24,93,98,39,45,s,s,36636,52306,s,s,43,882,938,1036,1229,1404,1455,1390,1398,1440,1593,1683,1837,1829,1824,1807,1777,1616,506,545,622,652,762,749,709,665,647,636,587,578,561,537,525,504,464,37,32,31,38,30,35,32,31,34,32,26,21,28,22,25,24,21,47,54,55,66,63,70,57,58,43,58,40,42,50,59,49,41,34
Tract 90,s,s,24,18,s,5.8,0,44,43,38,s,s,10,10,s,s,37,43,s,s,34,17,100,99,58,69,s,s,69733,85413,s,s,22,253,234,234,249,258,277,296,298,313,358,435,554,628,663,605,640,688,67,66,68,72,74,81,96,74,69,65,88,99,106,114,96,91,117,5.1,3.8,9.5,6.9,9.2,6.7,5,11,5.3,7.8,2.6,5.5,5.1,5.5,2.9,4.4,2.9,28,37,30,45,42,28,28,42,53,48,56,41,39,50,60,36,37
Tract 91.02,s,s,28,28,s,45,42,26,20,19,s,s,12,15,s,s,44,50,s,s,32,16,99,98,52,61,s,s,67415,60925,s,s,-9.6,998,1055,1132,1283,1452,1541,1513,1476,1563,1724,1838,2047,2301,2348,2260,2225,2029,674,731,759,777,888,948,895,823,809,838,830,838,920,908,944,897,854,26,18,23,21,21,24,24,23,24,18,17,21,23,19,24,22,23,58,46,56,74,77,76,67,65,57,47,42,72,62,81,97,100,90
Tract 92.01,s,s,24,21,s,21,15,5.8,22,22,s,s,12,16,s,s,52,55,s,s,37,13,100,93,55,66,s,s,44382,115654,s,s,161,174,162,131,159,186,168,169,158,193,274,345,370,351,380,370,357,363,107,104,84,73,71,82,96,81,92,119,128,151,116,128,104,81,75,13,14,11,9.2,16,16,10,12,9.7,13,10,8.6,11,8.1,9.6,9.6,12,59,72,59,56,38,53,31,38,36,30,32,40,29,29,54,57,44
Tract 92.03,s,s,25,19,s,37,22,23,15,15,s,s,11,17,s,s,54,65,s,s,34,17,98,100,64,65,s,s,58478,92872,s,s,59,494,488,519,597,683,712,685,706,682,782,863,1013,1049,1035,962,933,862,278,259,298,286,316,333,327,301,304,296,307,322,324,302,279,260,240,17,13,12,12,8.8,12,12,10,11,13,9.7,7.7,7.4,9.3,11,9.7,8.1,30,31,34,29,39,29,19,34,32,29,36,26,24,29,37,34,17
Tract 92.04,s,s,29,41,s,47,56,36,19,32,s,s,14,28,s,s,44,41,s,s,31,20,98,96,42,42,s,s,46879,43912,s,s,-6.3,373,369,392,451,516,538,517,533,516,591,652,766,793,782,727,705,651,210,196,225,216,238,252,247,227,229,224,232,243,245,228,210,196,181,12,20,16,17,17,24,26,12,8.7,13,11,9.8,17,9.8,14,14,16,56,50,61,51,51,60,34,32,34,29,23,34,40,39,62,42,47
Tract 93.01,s,s,14,7.9,s,12,0,7.4,11,18,s,s,12,16,s,s,53,59,s,s,17,8,99,99,90,87,s,s,92274,104859,s,s,14,161,193,206,224,248,277,322,299,276,341,404,476,539,532,472,474,424,82,109,123,97,120,151,165,141,100,118,114,131,149,147,109,99,77,16,15,16,16,13,20,17,20,18,12,9.9,11,12,12,9.9,13,12,75,87,66,63,57,56,55,43,36,46,59,58,51,55,70,74,85
Tract 93.02,s,s,12,7,s,22,0,22,5.6,12,s,s,14,10,s,s,55,62,s,s,30,18,95,96,61,77,s,s,74415,87972,s,s,18,103,91,138,182,174,212,186,169,188,237,253,280,273,287,267,252,257,69,63,89,101,90,97,90,64,62,86,98,84,71,65,69,53,72,17,21,27,24,21,28,18,21,39,32,24,21,27,32,17,34,26,80,66,65,64,68,55,65,104,106,92,124,46,159,183,208,177,142
Tract 94,s,s,7.9,12,s,7,1.1,8.6,11,7,s,s,10,18,s,s,51,51,s,s,21,10,99,99,81,80,s,s,101843,96680,s,s,-5.1,271,245,268,327,334,376,382,340,382,498,573,734,728,681,619,655,604,149,171,187,180,163,171,156,150,150,164,184,227,210,160,131,151,143,11,10,9.6,11,9.8,11,15,5.8,8.9,6.7,5.8,8.4,7.2,7.4,8.6,9.6,9.6,46,61,50,55,52,36,37,30,35,34,30,42,52,58,62,59,64
Tract 95.01,s,s,16,23,s,9.7,28,12,10,18,s,s,32,11,s,s,47,50,s,s,20,19,98,98,65,74,s,s,69043,48515,s,s,-30,338,315,344,447,513,565,491,538,629,711,883,1090,1166,1199,1152,1314,1279,183,198,214,265,270,247,203,229,247,281,292,323,289,280,270,270,236,6.6,8.7,4.7,16,6,8.3,11,7.1,4.2,7.5,4.8,3.8,4.5,3.5,5.3,5.7,3.8,23,43,42,39,43,33,27,26,25,23,23,12,21,21,24,19,14
Tract 95.03,s,s,7,8.9,s,6.3,9,7.6,6.9,9.4,s,s,6.8,7.1,s,s,51,56,s,s,8.9,3,99,98,91,91,s,s,103363,98659,s,s,-4.6,102,92,99,109,130,142,147,168,181,223,295,383,374,370,366,347,326,77,64,59,55,51,60,63,56,66,63,107,145,125,142,137,106,107,4.2,5.9,7.6,2.3,4.7,4.4,8.7,8.1,3.1,5.5,6.5,2.7,6.2,6.2,6.5,5.8,5.2,32,28,30,31,29,42,28,19,25,22,27,31,41,32,42,41,28
Tract 95.04,s,s,13,12,s,11,2.1,9.8,17,17,s,s,14,16,s,s,51,47,s,s,22,12,99,100,79,84,s,s,79193,84741,s,s,7,157,157,151,186,224,236,244,255,287,348,384,465,502,469,448,444,381,103,107,103,108,111,126,120,114,134,134,139,141,144,118,116,122,104,12,12,8.4,9.4,8.9,18,14,14,11,9.1,8.6,11,11,9.6,7.6,6.6,8.3,35,46,39,43,34,38,40,38,39,41,38,45,48,49,65,54,50
Tract 95.05,s,s,6.6,9.7,s,6.8,0,10,11,13,s,s,7.5,24,s,s,49,51,s,s,17,16,99,100,86,67,s,s,88602,92745,s,s,4.7,185,169,178,198,243,251,270,234,303,375,396,517,548,528,497,505,469,112,102,113,114,141,153,133,103,128,134,131,143,154,128,130,134,128,6.9,11,12,15,13,10,13,16,13,15,11,8.7,7.2,6.5,9.9,10,9.9,34,46,48,43,40,38,29,40,32,31,41,44,40,31,51,60,68
Tract 95.07,s,s,13,11,s,25,24,10,6.8,12,s,s,6.2,22,s,s,48,45,s,s,18,11,100,99,79,84,s,s,72886,80552,s,s,11,104,100,112,103,127,119,115,125,149,190,246,302,306,318,280,289,259,54,55,72,69,77,59,58,65,68,80,80,87,94,99,88,73,72,6.4,3.8,3.9,8.4,7.8,10,3.9,4,9.3,4,1.3,5.4,4,5.4,6,8.1,4.7,20,22,26,23,25,15,12,19,17,17,18,18,20,17,17,18,17
Tract 95.08,s,s,5.7,7.7,s,2.7,1.6,3.5,9.6,15,s,s,7.9,11,s,s,53,60,s,s,15,7,98,98,81,76,s,s,82998,86715,s,s,4.5,238,188,183,199,234,261,258,285,324,392,500,636,687,723,709,735,712,121,116,108,104,115,120,103,117,144,145,158,193,208,194,223,205,173,3.2,2.8,9,12,6,8.2,9.7,13,14,13,7.6,8.2,6.7,8.2,6.1,7.6,4.6,28,26,26,30,24,22,18,19,29,23,24,29,26,18,31,22,29
Tract 95.09,s,s,5.7,4.3,s,15,0,4,2.1,9,s,s,4.8,26,s,s,52,51,s,s,25,11,100,99,90,85,s,s,86015,83848,s,s,-2.5,159,160,153,189,227,239,247,258,290,353,389,471,509,475,455,450,387,104,108,104,109,113,128,122,116,136,135,141,143,146,119,118,123,105,4.1,4.8,6.1,8.2,5.1,5.8,5.1,5.4,5.8,5.1,5.8,3.7,4.8,5.4,3.4,3.4,3.7,15,23,25,20,19,20,17,21,20,20,19,18,23,18,32,22,9.2
Tract 96.01,s,s,28,43,s,43,64,21,13,13,s,s,21,33,s,s,44,36,s,s,31,22,96,99,65,62,s,s,55983,42873,s,s,-23,869,824,895,922,975,1086,1092,1041,1099,1303,1408,1557,1603,1646,1592,1590,1443,506,513,594,585,605,627,617,652,644,734,758,752,771,776,715,673,616,20,20,26,24,21,36,17,19,26,22,13,17,17,26,36,17,20,37,47,37,98,56,42,34,58,52,53,57,37,57,42,61,41,38
Tract 96.02,s,s,33,42,s,34,48,13,59,40,s,s,14,18,s,s,50,52,s,s,35,21,99,98,51,44,s,s,36095,27680,s,s,-23,1091,937,980,984,1032,1098,1094,1075,1062,1136,1317,1440,1464,1617,1664,1741,1616,620,539,533,517,509,555,522,590,537,534,590,597,633,640,654,668,626,8.8,17,13,17,15,18,13,12,14,13,14,14,11,15,21,14,18,40,46,46,62,54,46,30,48,44,48,38,29,33,41,38,35,33
Tract 96.03,s,s,21,17,s,27,3.3,23,18,10,s,s,14,20,s,s,46,46,s,s,22,20,98,99,58,61,s,s,57905,74601,s,s,29,403,437,457,546,609,600,690,729,872,1069,1002,1129,1138,1112,1114,1164,1108,220,236,241,288,336,325,308,364,378,425,378,357,346,292,301,329,303,21,25,21,27,33,23,21,26,19,23,25,23,31,31,42,31,27,67,65,60,82,78,45,51,48,54,49,52,45,82,86,124,95,119
Tract 96.04,s,s,15,9.7,s,17,3.2,13,18,12,s,s,11,14,s,s,44,54,s,s,31,9.7,96,99,71,69,s,s,66573,70935,s,s,6.6,505,416,433,513,542,589,610,567,636,730,801,884,935,988,926,939,829,273,230,227,272,282,281,292,263,257,300,287,291,328,353,324,300,250,6.5,16,13,8.6,8.6,11,7.6,13,11,11,6.6,9.7,11,17,7.1,6.6,9.2,33,32,37,62,36,27,20,30,45,31,24,33,33,33,43,47,28
Tract 97,s,s,21,39,s,30,50,8.7,4.8,32,s,s,16,30,s,s,53,43,s,s,30,20,94,94,59,59,s,s,51777,45256,s,s,-13,665,713,813,917,936,976,1015,982,1096,1241,1408,1492,1620,1639,1642,1614,1548,492,501,530,592,581,598,566,548,568,592,667,664,648,604,622,645,652,26,15,18,20,17,20,13,20,21,20,17,17,17,16,11,8.2,20,37,37,23,28,35,26,31,43,31,35,27,29,26,26,23,26,20
Tract 98.01,s,s,48,40,s,59,56,9.7,7.5,31,s,s,28,31,s,s,41,42,s,s,42,22,97,97,52,50,s,s,37023,39424,s,s,6.5,1302,1170,1091,1104,1067,671,585,573,626,743,835,907,955,958,981,1012,1043,905,808,775,748,685,433,327,321,375,403,410,375,359,353,377,375,373,22,39,31,31,26,26,20,30,23,27,22,27,18,14,19,16,16,37,40,41,45,32,31,29,52,49,41,43,36,33,38,43,51,34
Tract 98.02,s,s,41,50,s,47,72,32,7.3,23,s,s,29,32,s,s,33,43,s,s,36,23,93,98,47,45,s,s,42594,38328,s,s,-10,897,872,1092,1143,1098,1021,896,839,918,1003,1090,1045,1014,1101,1104,1068,1102,600,584,760,781,704,676,535,497,513,527,543,478,448,527,496,457,538,22,26,29,41,28,21,22,19,18,15,15,17,12,14,7.7,10,14,44,33,41,41,34,27,32,38,50,22,41,35,29,45,28,31,37
Tract 98.03,s,s,35,45,s,55,61,22,14,34,s,s,22,29,s,s,48,42,s,s,26,16,96,97,52,55,s,s,44793,35437,s,s,-21,616,597,637,693,626,659,735,756,867,1010,1165,1387,1567,1710,1689,1781,1633,368,354,418,436,370,342,373,394,451,456,481,536,581,667,708,672,635,29,26,20,19,12,15,16,15,15,20,16,16,17,14,14,11,14,36,48,52,43,33,48,43,59,49,43,43,34,45,30,34,28,32
Tract 98.04,s,s,33,35,s,42,51,5.3,36,11,s,s,20,28,s,s,46,47,s,s,30,17,96,94,57,57,s,s,47401,50396,s,s,6.3,749,684,612,557,630,685,679,742,843,927,1075,1245,1223,1217,1155,1160,1056,504,484,413,373,375,404,396,421,436,444,483,518,473,434,412,363,360,20,27,20,19,17,16,21,24,29,19,19,27,17,24,17,17,18,35,34,42,33,36,29,36,44,57,55,59,64,30,40,36,32,30
Tract 98.07,s,s,19,34,s,33,57,8.1,16,23,s,s,12,25,s,s,49,44,s,s,27,12,94,96,67,58,s,s,67245,72131,s,s,7.3,778,635,658,695,695,736,791,866,1108,1361,1534,1718,1839,1938,2087,2337,2372,544,418,422,422,375,411,400,458,533,582,527,576,586,613,660,696,779,21,19,16,19,13,16,12,17,19,13,16,16,24,27,24,21,20,30,47,48,44,29,37,42,46,48,45,42,34,52,57,58,44,49
Tract 98.10,s,s,41,40,s,48,47,41,35,25,s,s,22,27,s,s,42,59,s,s,41,16,94,99,49,57,s,s,47627,34877,s,s,-27,1125,999,984,1079,1224,1291,1281,1230,1310,1611,1838,2056,2208,2272,2263,2246,2108,738,712,702,729,805,838,747,686,735,847,892,935,987,997,982,918,904,31,33,33,30,26,23,21,28,27,32,28,27,24,23,21,15,14,32,49,43,37,39,53,45,58,53,61,63,43,50,43,37,35,40
Tract 98.11,s,s,41,33,s,48,45,41,35,26,s,s,22,37,s,s,42,37,s,s,41,18,94,92,49,35,s,s,47627,31107,s,s,-35,1379,1225,1206,1324,1501,1584,1571,1509,1607,1975,2255,2521,2708,2786,2775,2754,2585,906,873,861,894,987,1028,915,841,901,1039,1094,1146,1210,1223,1204,1126,1108,28,22,27,31,22,23,17,18,18,19,16,16,14,14,11,13,9.9,38,28,38,44,45,31,42,39,37,33,30,28,28,34,19,20,23
Tract 99.01,s,s,6.6,9.6,s,3.1,0,5.4,7.1,16,s,s,7.8,10,s,s,51,52,s,s,13,5.4,99,94,90,90,s,s,112544,114178,s,s,1.5,105,109,173,192,231,219,215,235,228,263,323,371,431,482,479,463,439,55,60,92,112,121,129,107,107,87,97,88,101,123,137,158,153,139,6.1,10,10,8.3,5.7,4,7.5,7.1,4.9,4.9,6.2,7.1,9.3,2.7,4.4,4.9,7.1,32,47,52,71,46,37,22,53,42,48,42,33,36,30,35,29,23
Tract 99.02,s,s,13,11,s,18,16,12,12,8.3,s,s,15,16,s,s,44,50,s,s,23,16,99,96,75,80,s,s,73580,68732,s,s,-6.6,277,304,335,383,478,565,625,670,756,919,1117,1400,1532,1599,1544,1618,1575,150,167,195,184,215,227,240,231,291,319,333,349,350,322,319,378,385,12,17,12,14,12,12,9.3,11,11,10,7.2,10,13,16,13,8.6,11,39,44,61,79,55,32,36,41,41,38,28,29,49,34,36,33,38
Tract 99.03,s,s,43,18,s,62,37,45,27,13,s,s,18,7,s,s,36,65,s,s,43,14,95,100,44,83,s,s,43133,62014,s,s,44,748,747,692,496,280,240,249,280,393,521,624,705,724,790,708,674,620,424,430,404,255,131,124,127,133,200,252,269,260,244,241,244,215,189,26,30,25,9.7,13,8,6.6,8.2,11,11,21,18,8.6,17,17,8.6,10,52,60,72,91,43,28,29,45,51,47,28,52,30,38,42,36,35
Tract 99.04,s,s,30,35,s,36,46,5.4,28,24,s,s,13,19,s,s,53,52,s,s,35,19,90,94,57,54,s,s,40908,47752,s,s,17,559,546,570,651,745,710,668,648,669,910,1059,1203,1305,1508,1460,1430,1364,313,360,351,356,433,401,359,336,337,432,450,482,496,579,606,563,523,22,23,23,18,16,19,19,13,20,21,22,18,20,26,27,18,14,46,38,55,47,46,25,25,37,43,28,32,34,41,50,49,54,45
Tract 99.05,s,s,34,27,s,49,43,14,31,15,s,s,19,26,s,s,47,51,s,s,40,16,96,96,52,60,s,s,50769,58139,s,s,15,832,826,813,914,904,974,925,897,876,1073,1377,1573,1608,1691,1568,1589,1437,515,559,517,514,535,554,500,466,448,501,607,663,641,654,624,648,618,22,25,18,16,14,14,20,12,12,15,14,14,13,23,11,16,14,37,44,50,53,39,34,41,46,43,23,39,26,42,50,53,49,43
Tract 99.06,s,s,32,27,s,45,32,3.4,21,17,s,s,25,14,s,s,37,51,s,s,33,19,94,99,52,55,s,s,46420,44160,s,s,-4.9,414,501,564,620,702,716,751,655,613,687,771,820,814,859,869,824,769,296,352,404,407,446,394,405,332,311,317,342,349,349,332,314,279,263,18,21,20,33,32,28,20,28,28,34,28,32,19,23,25,28,22,34,27,35,59,44,33,30,52,54,53,50,51,48,46,52,42,33
Tract 99.07,s,s,42,38,s,60,53,4.8,22,15,s,s,25,26,s,s,37,40,s,s,28,22,94,92,45,42,s,s,47717,37247,s,s,-22,1069,1016,1017,1066,1070,1204,1308,1254,1250,1403,1518,1641,1742,1826,1780,1733,1536,714,737,780,740,700,740,779,749,753,765,706,741,739,768,743,698,600,23,16,20,14,15,19,14,12,14,14,11,8.8,16,17,13,20,9.5,36,35,36,31,24,19,19,26,31,19,24,26,29,29,34,24,21
Tract 101,s,s,18,13,s,36,0,8.2,5.9,21,s,s,4.2,3.5,s,s,63,76,s,s,12,4.2,97,97,31,45,s,s,57217,170532,s,s,198,83,69,82,82,72,92,166,218,240,144,119,119,126,137,100,83,69,39,40,63,48,43,42,43,37,21,25,21,8,s,s,s,s,5,48,32,30,33,33,26,27,25,29,20,18,19,20,16,18,16,15,509,418,358,238,211,168,153,182,223,178,133,127,152,139,185,157,169
Tract 102,s,s,12,6.9,s,38,30,6.5,8.8,3.1,s,s,4.5,5.2,s,s,71,75,s,s,5.4,5.3,98,97,68,66,s,s,115685,138594,s,s,20,50,47,62,54,77,64,56,54,61,56,74,77,77,83,62,69,63,23,23,31,30,32,27,16,15,17,16,15,11,11,10,5,s,s,15,21,20,20,17,16,24,21,18,14,12,18,10,13,9.9,15,9.5,146,154,97,88,96,104,116,90,92,95,79,81,94,91,106,108,105
Tract 103,s,s,13,22,s,16,24,9.9,16,14,s,s,6.3,16,s,s,71,52,s,s,18,13,97,99,80,70,s,s,98687,72147,s,s,-27,191,185,161,173,196,213,232,250,264,324,365,421,484,513,495,482,478,105,97,85,81,98,89,97,109,107,125,128,125,153,148,146,142,153,8.2,6.6,10,12,10,8.5,12,10,9.4,9.9,8.2,8.2,4.7,7.2,3.5,5.6,3.1,31,38,35,38,34,36,27,32,33,28,27,29,19,26,32,24,25
Tract 104,s,s,27,31,s,44,47,13,4.3,13,s,s,21,17,s,s,41,46,s,s,41,17,93,95,61,61,s,s,60487,53580,s,s,-11,900,909,1014,1118,1239,1330,1452,1527,1599,1868,2114,2329,2418,2569,2602,2514,2342,554,602,631,687,767,740,646,657,679,722,785,794,796,828,868,802,717,29,32,33,28,26,25,25,36,33,33,28,34,31,36,30,33,23,37,44,54,45,41,42,49,51,60,51,57,73,50,63,60,49,46
Tract 105,s,s,23,12,s,49,15,8.1,2.2,4.1,s,s,12,9.3,s,s,66,71,s,s,16,7.2,99,97,54,52,s,s,63027,108240,s,s,72,530,532,579,612,694,660,614,562,569,641,720,790,838,810,799,773,718,292,272,266,270,319,315,282,261,255,257,290,291,298,320,311,284,275,25,20,16,17,16,15,16,19,11,12,9.1,7.9,8.2,6.7,4.7,5.9,6.5,73,77,67,59,43,38,49,35,23,21,22,27,32,33,31,33,34
Tract 106,s,s,25,15,s,29,19,32,23,24,s,s,18,6.2,s,s,48,77,s,s,33,5.1,97,96,65,66,s,s,63807,146769,s,s,130,928,844,977,1087,1308,1185,922,961,941,1221,1182,1140,1047,1068,959,850,662,492,460,468,436,444,408,328,257,231,284,292,254,232,210,210,173,158,58,56,53,53,53,35,32,43,39,38,31,34,33,21,21,22,20,176,165,143,147,177,124,161,159,132,125,97,112,147,136,147,132,132
Tract 107,s,s,13,20,s,0,0,13,14,0.7,s,s,2.2,3.5,s,s,74,71,s,s,3,5.2,99,99,40,37,s,s,161670,126592,s,s,-22,6,5,s,7,s,s,6,7,6,7,8,13,21,18,12,12,13,0,0,0,s,0,s,s,0,0,0,s,6,8,8,s,s,s,70,68,60,67,60,48,56,44,46,39,41,60,40,36,29,34,32,1087,884,797,671,493,527,422,387,447,426,403,383,411,369,404,442,391
Tract 108,s,s,54,38,s,56,i,7.3,17,0.8,s,s,60,8.6,s,s,31,37,s,s,3.8,3.4,99,97,24,22,s,s,40019,46784,s,s,17,11,6,10,s,16,14,10,36,49,39,45,48,37,41,11,11,7,s,s,0,0,7,5,s,23,27,19,25,33,27,24,11,0,s,6.1,5.8,3.6,3,3.5,2.1,1.6,1.4,3.5,2.9,2.8,4.5,2.2,1.6,2.7,2.7,1.9,78,54,50,47,34,43,34,27,30,24,24,28,33,28,36,38,30
Tract 109,s,s,38,49,s,41,50,20,22,15,s,s,34,27,s,s,44,38,s,s,30,20,95,95,48,40,s,s,44126,38243,s,s,-13,637,673,728,844,750,806,927,1100,1050,1178,1408,1531,1570,1675,1704,1593,1612,406,510,561,609,488,479,464,585,547,530,594,600,606,611,660,623,703,23,17,19,15,15,14,14,27,17,19,15,14,12,12,12,13,9,44,63,58,48,38,44,54,61,63,74,63,37,35,22,30,27,24
Tract 110,s,s,15,3.7,s,29,0,7,7.4,2.2,s,s,7.5,3.5,s,s,57,73,s,s,15,0.7,98,98,73,72,s,s,73628,131969,s,s,79,71,62,75,134,161,154,146,134,175,197,226,222,224,209,197,198,167,38,37,40,67,81,80,73,66,77,78,77,73,67,58,49,43,26,3.4,3.1,3.7,6.6,4,3.7,4.3,9.3,6.4,3,5.1,5.9,3,2.4,1.6,3,4.3,19,17,18,15,11,16,13,15,15,16,13,15,16,16,13,13,18
Tract 111,s,s,16,21,s,21,6.1,12,12,23,s,s,15,15,s,s,44,51,s,s,27,20,99,97,82,86,s,s,75652,101837,s,s,35,582,493,549,659,817,812,730,743,874,1054,1139,1331,1443,1468,1436,1418,1363,293,256,313,323,433,420,356,329,339,345,365,374,398,432,441,431,425,23,26,21,30,19,26,17,20,13,17,19,17,20,14,14,14,15,93,108,89,89,79,94,66,86,62,75,74,78,81,82,95,104,68
,,,,,,,,,,,,,,,,,,,,,,,,,,,,,,,,,,,,,,,,,,,,,,,,,,,,,,,,,,,,,,,,,,,,,,,,,,,,,,,,,,,,,,,,,,,,,,,,,,,,,
